program,cores,problem_size,trial,execution_time
for_parallel,4,1440,1, 8.0809755772
for_parallel_transpose,4,1440,1, 3.4826235548
task_parallel,4,1440,1, 7.7373215109
task_parallel_transpose,4,1440,1, 3.5822822675
for_parallel,4,1440,2, 8.0767446458
for_parallel_transpose,4,1440,2, 3.5028418377
task_parallel,4,1440,2, 8.0092298388
task_parallel_transpose,4,1440,2, 3.5474448055
for_parallel,4,1440,3, 7.9860731363
for_parallel_transpose,4,1440,3, 3.4759859964
task_parallel,4,1440,3, 7.5778466538
task_parallel_transpose,4,1440,3, 3.5723401457
for_parallel,4,1440,4, 8.0219317451
for_parallel_transpose,4,1440,4, 3.4908853397
task_parallel,4,1440,4, 8.0063951388
task_parallel_transpose,4,1440,4, 3.5173520893
for_parallel,4,1440,5, 8.0351381451
for_parallel_transpose,4,1440,5, 3.4835138991
task_parallel,4,1440,5, 7.7266397551
task_parallel_transpose,4,1440,5, 3.5728747323
for_parallel,4,1440,6, 8.0257345289
for_parallel_transpose,4,1440,6, 3.5006086454
task_parallel,4,1440,6, 7.9472275451
task_parallel_transpose,4,1440,6, 3.5254295468
for_parallel,4,1440,7, 8.2169632986
for_parallel_transpose,4,1440,7, 3.4562165961
task_parallel,4,1440,7, 7.8473652154
task_parallel_transpose,4,1440,7, 3.5967648327
for_parallel,4,1440,8, 7.8466811702
for_parallel_transpose,4,1440,8, 3.5519281626
task_parallel,4,1440,8, 8.0468735695
task_parallel_transpose,4,1440,8, 3.5284039080
for_parallel,4,1440,9, 8.0370069221
for_parallel_transpose,4,1440,9, 3.4850842506
task_parallel,4,1440,9, 8.1418339834
task_parallel_transpose,4,1440,9, 3.5214782953
for_parallel,4,1440,10, 8.0314512402
for_parallel_transpose,4,1440,10, 3.4938686490
task_parallel,4,1440,10, 7.6689493582
task_parallel_transpose,4,1440,10, 3.6208957359
for_parallel,4,1440,11, 8.0353514850
for_parallel_transpose,4,1440,11, 3.5214559734
task_parallel,4,1440,11, 8.0071277544
task_parallel_transpose,4,1440,11, 3.5811056048
for_parallel,4,1440,12, 8.0225315318
for_parallel_transpose,4,1440,12, 3.5285872743
task_parallel,4,1440,12, 8.0796904787
task_parallel_transpose,4,1440,12, 3.5881842598
for_parallel,4,1440,13, 8.1136561558
for_parallel_transpose,4,1440,13, 3.4887318164
task_parallel,4,1440,13, 8.0295240730
task_parallel_transpose,4,1440,13, 3.5686473846
for_parallel,4,1440,14, 8.0732497051
for_parallel_transpose,4,1440,14, 3.5014313087
task_parallel,4,1440,14, 8.0858453661
task_parallel_transpose,4,1440,14, 3.5434078798
for_parallel,4,1440,15, 7.9018207416
for_parallel_transpose,4,1440,15, 3.5229097307
task_parallel,4,1440,15, 7.8746223599
task_parallel_transpose,4,1440,15, 3.5856517851
for_parallel,8,1440,1, 3.9619994909
for_parallel_transpose,8,1440,1, 1.8016656041
task_parallel,8,1440,1, 4.1057851613
task_parallel_transpose,8,1440,1, 1.8996543065
for_parallel,8,1440,2, 4.1378186792
for_parallel_transpose,8,1440,2, 1.8073081672
task_parallel,8,1440,2, 4.0669051930
task_parallel_transpose,8,1440,2, 1.8853810281
for_parallel,8,1440,3, 4.1460966989
for_parallel_transpose,8,1440,3, 1.8148704842
task_parallel,8,1440,3, 4.0802047104
task_parallel_transpose,8,1440,3, 1.8816264719
for_parallel,8,1440,4, 3.8946155682
for_parallel_transpose,8,1440,4, 1.8002084866
task_parallel,8,1440,4, 3.8928734809
task_parallel_transpose,8,1440,4, 1.8853195608
for_parallel,8,1440,5, 3.9239026383
for_parallel_transpose,8,1440,5, 1.7975788042
task_parallel,8,1440,5, 4.1596671343
task_parallel_transpose,8,1440,5, 1.9156088084
for_parallel,8,1440,6, 4.0219619423
for_parallel_transpose,8,1440,6, 1.8126025498
task_parallel,8,1440,6, 4.0870563313
task_parallel_transpose,8,1440,6, 1.8671945035
for_parallel,8,1440,7, 4.0707087144
for_parallel_transpose,8,1440,7, 1.8225643188
task_parallel,8,1440,7, 3.8442111611
task_parallel_transpose,8,1440,7, 1.8802478984
for_parallel,8,1440,8, 3.8734949082
for_parallel_transpose,8,1440,8, 1.8013113439
task_parallel,8,1440,8, 3.9281141609
task_parallel_transpose,8,1440,8, 1.8994582444
for_parallel,8,1440,9, 4.0802896097
for_parallel_transpose,8,1440,9, 1.8092048913
task_parallel,8,1440,9, 4.0427945405
task_parallel_transpose,8,1440,9, 1.9123725146
for_parallel,8,1440,10, 4.0857944787
for_parallel_transpose,8,1440,10, 1.8314693347
task_parallel,8,1440,10, 4.0298220068
task_parallel_transpose,8,1440,10, 1.9043975547
for_parallel,8,1440,11, 3.9718368426
for_parallel_transpose,8,1440,11, 1.8473497778
task_parallel,8,1440,11, 4.0711803436
task_parallel_transpose,8,1440,11, 1.9280598536
for_parallel,8,1440,12, 4.0912273899
for_parallel_transpose,8,1440,12, 1.8033668101
task_parallel,8,1440,12, 4.0659854487
task_parallel_transpose,8,1440,12, 1.9289649874
for_parallel,8,1440,13, 4.0512475297
for_parallel_transpose,8,1440,13, 1.8164568245
task_parallel,8,1440,13, 4.1288529634
task_parallel_transpose,8,1440,13, 1.9023369551
for_parallel,8,1440,14, 3.8575973138
for_parallel_transpose,8,1440,14, 1.8257708549
task_parallel,8,1440,14, 4.1350296661
task_parallel_transpose,8,1440,14, 1.9184639901
for_parallel,8,1440,15, 4.0560740158
for_parallel_transpose,8,1440,15, 1.7906935290
task_parallel,8,1440,15, 4.0723394677
task_parallel_transpose,8,1440,15, 1.8960744366
for_parallel,16,1440,1, 2.0925052315
for_parallel_transpose,16,1440,1, 0.9606767222
task_parallel,16,1440,1, 2.0958216935
task_parallel_transpose,16,1440,1, 1.0306420848
for_parallel,16,1440,2, 1.9712105170
for_parallel_transpose,16,1440,2, 0.9503288344
task_parallel,16,1440,2, 2.0905380473
task_parallel_transpose,16,1440,2, 1.0460686460
for_parallel,16,1440,3, 2.1110821366
for_parallel_transpose,16,1440,3, 0.9440505803
task_parallel,16,1440,3, 2.0000780150
task_parallel_transpose,16,1440,3, 1.0486068651
for_parallel,16,1440,4, 1.9934067875
for_parallel_transpose,16,1440,4, 0.9641812146
task_parallel,16,1440,4, 2.0855998471
task_parallel_transpose,16,1440,4, 1.0495413840
for_parallel,16,1440,5, 2.0759014636
for_parallel_transpose,16,1440,5, 0.9369477704
task_parallel,16,1440,5, 2.0880027115
task_parallel_transpose,16,1440,5, 1.0238656327
for_parallel,16,1440,6, 2.0977007896
for_parallel_transpose,16,1440,6, 0.9629646391
task_parallel,16,1440,6, 2.0950730443
task_parallel_transpose,16,1440,6, 1.0125051066
for_parallel,16,1440,7, 2.0754041150
for_parallel_transpose,16,1440,7, 0.9465765134
task_parallel,16,1440,7, 2.0888799652
task_parallel_transpose,16,1440,7, 1.0386961177
for_parallel,16,1440,8, 2.0870786533
for_parallel_transpose,16,1440,8, 0.9640965760
task_parallel,16,1440,8, 1.9636116996
task_parallel_transpose,16,1440,8, 1.0451036766
for_parallel,16,1440,9, 2.0876156464
for_parallel_transpose,16,1440,9, 0.9455274642
task_parallel,16,1440,9, 2.0752763003
task_parallel_transpose,16,1440,9, 1.0344252661
for_parallel,16,1440,10, 2.0793285966
for_parallel_transpose,16,1440,10, 0.9497256875
task_parallel,16,1440,10, 2.0202895701
task_parallel_transpose,16,1440,10, 1.0678326637
for_parallel,16,1440,11, 2.0848366469
for_parallel_transpose,16,1440,11, 0.9644794464
task_parallel,16,1440,11, 2.0779035091
task_parallel_transpose,16,1440,11, 1.0708934292
for_parallel,16,1440,12, 2.0991458669
for_parallel_transpose,16,1440,12, 0.9621645436
task_parallel,16,1440,12, 2.0891072452
task_parallel_transpose,16,1440,12, 1.0354149789
for_parallel,16,1440,13, 2.0934212282
for_parallel_transpose,16,1440,13, 0.9571984708
task_parallel,16,1440,13, 2.0885781422
task_parallel_transpose,16,1440,13, 1.0760486573
for_parallel,16,1440,14, 2.0837552547
for_parallel_transpose,16,1440,14, 0.9481233135
task_parallel,16,1440,14, 2.1024046242
task_parallel_transpose,16,1440,14, 1.0357288942
for_parallel,16,1440,15, 2.1647419631
for_parallel_transpose,16,1440,15, 0.9572036266
task_parallel,16,1440,15, 2.1296945661
task_parallel_transpose,16,1440,15, 1.0313121676
for_parallel,32,1440,1, 1.1084231064
for_parallel_transpose,32,1440,1, 0.5231814608
task_parallel,32,1440,1, 1.1043146998
task_parallel_transpose,32,1440,1, 0.6534526944
for_parallel,32,1440,2, 1.1529640555
for_parallel_transpose,32,1440,2, 0.5270472839
task_parallel,32,1440,2, 1.1023850888
task_parallel_transpose,32,1440,2, 0.6401292384
for_parallel,32,1440,3, 1.2205762342
for_parallel_transpose,32,1440,3, 0.5234445706
task_parallel,32,1440,3, 1.0944687799
task_parallel_transpose,32,1440,3, 0.6520842761
for_parallel,32,1440,4, 1.0991492271
for_parallel_transpose,32,1440,4, 0.5260624662
task_parallel,32,1440,4, 1.1129080877
task_parallel_transpose,32,1440,4, 0.6289405823
for_parallel,32,1440,5, 1.0977783501
for_parallel_transpose,32,1440,5, 0.5185396224
task_parallel,32,1440,5, 1.1089380905
task_parallel_transpose,32,1440,5, 0.6543449759
for_parallel,32,1440,6, 1.1127757877
for_parallel_transpose,32,1440,6, 0.5242399126
task_parallel,32,1440,6, 1.1015386581
task_parallel_transpose,32,1440,6, 0.6503507346
for_parallel,32,1440,7, 1.1186158285
for_parallel_transpose,32,1440,7, 0.5243367851
task_parallel,32,1440,7, 1.0995652005
task_parallel_transpose,32,1440,7, 0.6298432127
for_parallel,32,1440,8, 1.1113541871
for_parallel_transpose,32,1440,8, 0.5209570751
task_parallel,32,1440,8, 1.1096394435
task_parallel_transpose,32,1440,8, 0.6656468138
for_parallel,32,1440,9, 1.1010480672
for_parallel_transpose,32,1440,9, 0.5173324943
task_parallel,32,1440,9, 1.1251159087
task_parallel_transpose,32,1440,9, 0.6524406150
for_parallel,32,1440,10, 1.1007853448
for_parallel_transpose,32,1440,10, 0.5212628916
task_parallel,32,1440,10, 1.1132982671
task_parallel_transpose,32,1440,10, 0.6413330436
for_parallel,32,1440,11, 1.1079422385
for_parallel_transpose,32,1440,11, 0.5229253471
task_parallel,32,1440,11, 1.1002530977
task_parallel_transpose,32,1440,11, 0.6774155200
for_parallel,32,1440,12, 1.1017046869
for_parallel_transpose,32,1440,12, 0.5268618241
task_parallel,32,1440,12, 1.1284782887
task_parallel_transpose,32,1440,12, 0.6651868597
for_parallel,32,1440,13, 1.1105419397
for_parallel_transpose,32,1440,13, 0.5267749503
task_parallel,32,1440,13, 1.0994091779
task_parallel_transpose,32,1440,13, 0.6217679828
for_parallel,32,1440,14, 1.1029484645
for_parallel_transpose,32,1440,14, 0.5232553482
task_parallel,32,1440,14, 1.0955644175
task_parallel_transpose,32,1440,14, 0.6683443561
for_parallel,32,1440,15, 1.0547343045
for_parallel_transpose,32,1440,15, 0.5178003684
task_parallel,32,1440,15, 1.1013558879
task_parallel_transpose,32,1440,15, 0.6536327675
for_parallel,4,1600,1, 11.3688336983
for_parallel_transpose,4,1600,1, 4.7309791893
task_parallel,4,1600,1, 10.8931502476
task_parallel_transpose,4,1600,1, 4.8465711176
for_parallel,4,1600,2, 11.6948805377
for_parallel_transpose,4,1600,2, 4.7263561934
task_parallel,4,1600,2, 11.5535263047
task_parallel_transpose,4,1600,2, 4.8899317384
for_parallel,4,1600,3, 11.2859549746
for_parallel_transpose,4,1600,3, 4.7471812293
task_parallel,4,1600,3, 11.3604193255
task_parallel_transpose,4,1600,3, 4.8895717040
for_parallel,4,1600,4, 11.4198883399
for_parallel_transpose,4,1600,4, 4.8590083197
task_parallel,4,1600,4, 11.4652023166
task_parallel_transpose,4,1600,4, 4.8820690960
for_parallel,4,1600,5, 11.3936352432
for_parallel_transpose,4,1600,5, 4.8063112795
task_parallel,4,1600,5, 11.0107357129
task_parallel_transpose,4,1600,5, 4.8837676272
for_parallel,4,1600,6, 11.3778693601
for_parallel_transpose,4,1600,6, 4.7688835263
task_parallel,4,1600,6, 11.4749802351
task_parallel_transpose,4,1600,6, 4.8114364445
for_parallel,4,1600,7, 11.4834283367
for_parallel_transpose,4,1600,7, 4.7729441300
task_parallel,4,1600,7, 11.3403115943
task_parallel_transpose,4,1600,7, 4.8857278824
for_parallel,4,1600,8, 11.3656732067
for_parallel_transpose,4,1600,8, 4.7490750924
task_parallel,4,1600,8, 11.3238222227
task_parallel_transpose,4,1600,8, 4.9134989679
for_parallel,4,1600,9, 11.5560815483
for_parallel_transpose,4,1600,9, 4.8152440041
task_parallel,4,1600,9, 11.8062155619
task_parallel_transpose,4,1600,9, 4.8896490857
for_parallel,4,1600,10, 11.2746699154
for_parallel_transpose,4,1600,10, 4.7585632801
task_parallel,4,1600,10, 11.7984914407
task_parallel_transpose,4,1600,10, 4.8708824441
for_parallel,4,1600,11, 11.4728503898
for_parallel_transpose,4,1600,11, 4.8613515869
task_parallel,4,1600,11, 11.5034869164
task_parallel_transpose,4,1600,11, 4.8620343730
for_parallel,4,1600,12, 11.3010387272
for_parallel_transpose,4,1600,12, 4.7549207136
task_parallel,4,1600,12, 11.2755554616
task_parallel_transpose,4,1600,12, 4.8761435598
for_parallel,4,1600,13, 11.3316211775
for_parallel_transpose,4,1600,13, 4.7390853912
task_parallel,4,1600,13, 11.5623302981
task_parallel_transpose,4,1600,13, 4.8864828944
for_parallel,4,1600,14, 11.4613386914
for_parallel_transpose,4,1600,14, 4.7663278058
task_parallel,4,1600,14, 11.4496516138
task_parallel_transpose,4,1600,14, 4.8198725954
for_parallel,4,1600,15, 11.4939085394
for_parallel_transpose,4,1600,15, 4.7953450605
task_parallel,4,1600,15, 11.8875470683
task_parallel_transpose,4,1600,15, 4.8837599605
for_parallel,8,1600,1, 5.8729650676
for_parallel_transpose,8,1600,1, 2.4307068512
task_parallel,8,1600,1, 5.7368312851
task_parallel_transpose,8,1600,1, 2.5815981254
for_parallel,8,1600,2, 5.7453592196
for_parallel_transpose,8,1600,2, 2.4412885532
task_parallel,8,1600,2, 5.7436786667
task_parallel_transpose,8,1600,2, 2.5804512128
for_parallel,8,1600,3, 5.7216952667
for_parallel_transpose,8,1600,3, 2.4432089031
task_parallel,8,1600,3, 5.7833381072
task_parallel_transpose,8,1600,3, 2.5681075230
for_parallel,8,1600,4, 5.9194644392
for_parallel_transpose,8,1600,4, 2.5001769438
task_parallel,8,1600,4, 5.8156374916
task_parallel_transpose,8,1600,4, 2.5700936988
for_parallel,8,1600,5, 5.7683963925
for_parallel_transpose,8,1600,5, 2.4360159636
task_parallel,8,1600,5, 5.9916004613
task_parallel_transpose,8,1600,5, 2.5715686157
for_parallel,8,1600,6, 5.7920687944
for_parallel_transpose,8,1600,6, 2.4529833198
task_parallel,8,1600,6, 5.7757412642
task_parallel_transpose,8,1600,6, 2.5792484805
for_parallel,8,1600,7, 5.7938017026
for_parallel_transpose,8,1600,7, 2.4549856260
task_parallel,8,1600,7, 5.8535628468
task_parallel_transpose,8,1600,7, 2.5664740503
for_parallel,8,1600,8, 5.8325668424
for_parallel_transpose,8,1600,8, 2.4916627556
task_parallel,8,1600,8, 5.7878449187
task_parallel_transpose,8,1600,8, 2.5736748353
for_parallel,8,1600,9, 5.7878088281
for_parallel_transpose,8,1600,9, 2.5015360266
task_parallel,8,1600,9, 5.7850097716
task_parallel_transpose,8,1600,9, 2.5774618834
for_parallel,8,1600,10, 5.7402873263
for_parallel_transpose,8,1600,10, 2.4747937024
task_parallel,8,1600,10, 5.7892512083
task_parallel_transpose,8,1600,10, 2.5782798454
for_parallel,8,1600,11, 5.7441221699
for_parallel_transpose,8,1600,11, 2.4471543357
task_parallel,8,1600,11, 5.7813126519
task_parallel_transpose,8,1600,11, 2.5636594221
for_parallel,8,1600,12, 5.6867763400
for_parallel_transpose,8,1600,12, 2.4518299848
task_parallel,8,1600,12, 5.8742992282
task_parallel_transpose,8,1600,12, 2.5649865195
for_parallel,8,1600,13, 5.7522236630
for_parallel_transpose,8,1600,13, 2.4551147521
task_parallel,8,1600,13, 5.7729990780
task_parallel_transpose,8,1600,13, 2.5837133005
for_parallel,8,1600,14, 5.7430070043
for_parallel_transpose,8,1600,14, 2.4637423232
task_parallel,8,1600,14, 5.6598509848
task_parallel_transpose,8,1600,14, 2.5583657250
for_parallel,8,1600,15, 5.7590321153
for_parallel_transpose,8,1600,15, 2.5173169822
task_parallel,8,1600,15, 5.7509610802
task_parallel_transpose,8,1600,15, 2.5567128658
for_parallel,16,1600,1, 2.9314122275
for_parallel_transpose,16,1600,1, 1.2855679318
task_parallel,16,1600,1, 2.9633309841
task_parallel_transpose,16,1600,1, 1.4029757455
for_parallel,16,1600,2, 2.9507258907
for_parallel_transpose,16,1600,2, 1.3095358089
task_parallel,16,1600,2, 3.0302412510
task_parallel_transpose,16,1600,2, 1.4270340800
for_parallel,16,1600,3, 2.9573460743
for_parallel_transpose,16,1600,3, 1.3092152178
task_parallel,16,1600,3, 2.9299068674
task_parallel_transpose,16,1600,3, 1.4079504833
for_parallel,16,1600,4, 2.9321130961
for_parallel_transpose,16,1600,4, 1.2840007097
task_parallel,16,1600,4, 2.9583369270
task_parallel_transpose,16,1600,4, 1.4301954359
for_parallel,16,1600,5, 2.9464574158
for_parallel_transpose,16,1600,5, 1.2840782106
task_parallel,16,1600,5, 2.9520785883
task_parallel_transpose,16,1600,5, 1.3902573138
for_parallel,16,1600,6, 2.9419666752
for_parallel_transpose,16,1600,6, 1.2855597064
task_parallel,16,1600,6, 2.9484997913
task_parallel_transpose,16,1600,6, 1.4196821377
for_parallel,16,1600,7, 2.9228131771
for_parallel_transpose,16,1600,7, 1.2825828269
task_parallel,16,1600,7, 2.9270408079
task_parallel_transpose,16,1600,7, 1.4159878343
for_parallel,16,1600,8, 2.9421174303
for_parallel_transpose,16,1600,8, 1.2933766395
task_parallel,16,1600,8, 2.9138534889
task_parallel_transpose,16,1600,8, 1.4057012498
for_parallel,16,1600,9, 2.9312463254
for_parallel_transpose,16,1600,9, 1.2798568532
task_parallel,16,1600,9, 2.9389630705
task_parallel_transpose,16,1600,9, 1.4197943807
for_parallel,16,1600,10, 2.9518316239
for_parallel_transpose,16,1600,10, 1.3100376129
task_parallel,16,1600,10, 2.9732781649
task_parallel_transpose,16,1600,10, 1.4257904217
for_parallel,16,1600,11, 2.9299543574
for_parallel_transpose,16,1600,11, 1.2992733344
task_parallel,16,1600,11, 2.9247264192
task_parallel_transpose,16,1600,11, 1.4143730775
for_parallel,16,1600,12, 2.9667858109
for_parallel_transpose,16,1600,12, 1.2841625661
task_parallel,16,1600,12, 2.9256769344
task_parallel_transpose,16,1600,12, 1.4185486883
for_parallel,16,1600,13, 2.9457394630
for_parallel_transpose,16,1600,13, 1.2797056213
task_parallel,16,1600,13, 2.9428048655
task_parallel_transpose,16,1600,13, 1.4131130129
for_parallel,16,1600,14, 2.9382893518
for_parallel_transpose,16,1600,14, 1.2846711576
task_parallel,16,1600,14, 2.9559432417
task_parallel_transpose,16,1600,14, 1.4262224734
for_parallel,16,1600,15, 2.9424670115
for_parallel_transpose,16,1600,15, 1.2864803225
task_parallel,16,1600,15, 3.0276769996
task_parallel_transpose,16,1600,15, 1.3924320936
for_parallel,32,1600,1, 1.5342548564
for_parallel_transpose,32,1600,1, 0.7088715732
task_parallel,32,1600,1, 1.5602760240
task_parallel_transpose,32,1600,1, 0.8512797356
for_parallel,32,1600,2, 1.5327784643
for_parallel_transpose,32,1600,2, 0.7017643675
task_parallel,32,1600,2, 1.5263782516
task_parallel_transpose,32,1600,2, 0.8634963855
for_parallel,32,1600,3, 1.6155037209
for_parallel_transpose,32,1600,3, 0.6997284517
task_parallel,32,1600,3, 1.5360625982
task_parallel_transpose,32,1600,3, 0.8675615117
for_parallel,32,1600,4, 1.5359172598
for_parallel_transpose,32,1600,4, 0.6959221363
task_parallel,32,1600,4, 1.5597278923
task_parallel_transpose,32,1600,4, 0.7967668623
for_parallel,32,1600,5, 1.5210814625
for_parallel_transpose,32,1600,5, 0.7097781450
task_parallel,32,1600,5, 1.5395435318
task_parallel_transpose,32,1600,5, 0.8292056918
for_parallel,32,1600,6, 1.5639993623
for_parallel_transpose,32,1600,6, 0.7074747458
task_parallel,32,1600,6, 1.5376706049
task_parallel_transpose,32,1600,6, 0.8645932674
for_parallel,32,1600,7, 1.5123515502
for_parallel_transpose,32,1600,7, 0.7056654394
task_parallel,32,1600,7, 1.5244610682
task_parallel_transpose,32,1600,7, 0.8510612994
for_parallel,32,1600,8, 1.5271937028
for_parallel_transpose,32,1600,8, 0.7004857138
task_parallel,32,1600,8, 1.5432590246
task_parallel_transpose,32,1600,8, 0.8794111609
for_parallel,32,1600,9, 1.5401635990
for_parallel_transpose,32,1600,9, 0.7076779902
task_parallel,32,1600,9, 1.5182569623
task_parallel_transpose,32,1600,9, 0.8635975495
for_parallel,32,1600,10, 1.5360474735
for_parallel_transpose,32,1600,10, 0.6980629563
task_parallel,32,1600,10, 1.5305323228
task_parallel_transpose,32,1600,10, 0.8614870682
for_parallel,32,1600,11, 1.5354116186
for_parallel_transpose,32,1600,11, 0.7074298263
task_parallel,32,1600,11, 1.5578148440
task_parallel_transpose,32,1600,11, 0.8671525046
for_parallel,32,1600,12, 2.2766718119
for_parallel_transpose,32,1600,12, 0.6987074912
task_parallel,32,1600,12, 1.5290243402
task_parallel_transpose,32,1600,12, 0.8805204704
for_parallel,32,1600,13, 1.5186318979
for_parallel_transpose,32,1600,13, 0.7033855692
task_parallel,32,1600,13, 1.5668741390
task_parallel_transpose,32,1600,13, 0.8579024076
for_parallel,32,1600,14, 1.6256440729
for_parallel_transpose,32,1600,14, 0.7083533704
task_parallel,32,1600,14, 1.5786799341
task_parallel_transpose,32,1600,14, 0.8784063533
for_parallel,32,1600,15, 1.5363130718
for_parallel_transpose,32,1600,15, 0.7056710944
task_parallel,32,1600,15, 1.5581914634
task_parallel_transpose,32,1600,15, 0.8463387489
for_parallel,4,1760,1, 16.0541402921
for_parallel_transpose,4,1760,1, 6.2892323434
task_parallel,4,1760,1, 14.8841901422
task_parallel_transpose,4,1760,1, 6.4076318517
for_parallel,4,1760,2, 15.8666684479
for_parallel_transpose,4,1760,2, 6.2774405181
task_parallel,4,1760,2, 14.9073694348
task_parallel_transpose,4,1760,2, 6.3824994192
for_parallel,4,1760,3, 15.3497033864
for_parallel_transpose,4,1760,3, 6.3156701922
task_parallel,4,1760,3, 14.9101765603
task_parallel_transpose,4,1760,3, 6.4584011957
for_parallel,4,1760,4, 16.0737094954
for_parallel_transpose,4,1760,4, 6.3408506811
task_parallel,4,1760,4, 14.0643522516
task_parallel_transpose,4,1760,4, 6.4136480018
for_parallel,4,1760,5, 14.0836145431
for_parallel_transpose,4,1760,5, 6.2860224918
task_parallel,4,1760,5, 15.4046520516
task_parallel_transpose,4,1760,5, 6.4039390683
for_parallel,4,1760,6, 15.8102136329
for_parallel_transpose,4,1760,6, 6.2759462893
task_parallel,4,1760,6, 16.0992903262
task_parallel_transpose,4,1760,6, 6.4618248045
for_parallel,4,1760,7, 15.2894322798
for_parallel_transpose,4,1760,7, 6.3218079880
task_parallel,4,1760,7, 15.3536437899
task_parallel_transpose,4,1760,7, 6.4857187346
for_parallel,4,1760,8, 15.7055948451
for_parallel_transpose,4,1760,8, 6.3030900657
task_parallel,4,1760,8, 14.3120567948
task_parallel_transpose,4,1760,8, 6.4744218737
for_parallel,4,1760,9, 16.4296588451
for_parallel_transpose,4,1760,9, 6.3506269082
task_parallel,4,1760,9, 15.2519035935
task_parallel_transpose,4,1760,9, 6.4571868330
for_parallel,4,1760,10, 14.7204369903
for_parallel_transpose,4,1760,10, 6.2942719311
task_parallel,4,1760,10, 15.6562469676
task_parallel_transpose,4,1760,10, 6.4555927515
for_parallel,4,1760,11, 15.8165777624
for_parallel_transpose,4,1760,11, 6.2973286137
task_parallel,4,1760,11, 16.3362945765
task_parallel_transpose,4,1760,11, 6.4361303449
for_parallel,4,1760,12, 16.3756415173
for_parallel_transpose,4,1760,12, 6.3101381212
task_parallel,4,1760,12, 14.5013584569
task_parallel_transpose,4,1760,12, 6.4359474555
for_parallel,4,1760,13, 14.3555048481
for_parallel_transpose,4,1760,13, 6.3719261289
task_parallel,4,1760,13, 16.3404154778
task_parallel_transpose,4,1760,13, 6.4625077099
for_parallel,4,1760,14, 16.1187448055
for_parallel_transpose,4,1760,14, 6.2980008125
task_parallel,4,1760,14, 15.2786574885
task_parallel_transpose,4,1760,14, 6.4501722157
for_parallel,4,1760,15, 16.0966471434
for_parallel_transpose,4,1760,15, 6.3419647962
task_parallel,4,1760,15, 16.2197531164
task_parallel_transpose,4,1760,15, 6.4405088872
for_parallel,8,1760,1, 7.9934362099
for_parallel_transpose,8,1760,1, 3.2221601829
task_parallel,8,1760,1, 8.0936338529
task_parallel_transpose,8,1760,1, 3.3486002311
for_parallel,8,1760,2, 8.0820929334
for_parallel_transpose,8,1760,2, 3.2356525064
task_parallel,8,1760,2, 8.0692636147
task_parallel_transpose,8,1760,2, 3.3675670624
for_parallel,8,1760,3, 8.0352074429
for_parallel_transpose,8,1760,3, 3.2230204567
task_parallel,8,1760,3, 8.0307392627
task_parallel_transpose,8,1760,3, 3.3666996807
for_parallel,8,1760,4, 7.8865965828
for_parallel_transpose,8,1760,4, 3.2181887403
task_parallel,8,1760,4, 8.0832974762
task_parallel_transpose,8,1760,4, 3.3691626787
for_parallel,8,1760,5, 7.9134522006
for_parallel_transpose,8,1760,5, 3.2335544080
task_parallel,8,1760,5, 8.1141786128
task_parallel_transpose,8,1760,5, 3.3769087195
for_parallel,8,1760,6, 8.1425746828
for_parallel_transpose,8,1760,6, 3.2270314172
task_parallel,8,1760,6, 8.2329715863
task_parallel_transpose,8,1760,6, 3.3789959997
for_parallel,8,1760,7, 7.9116875380
for_parallel_transpose,8,1760,7, 3.2125927582
task_parallel,8,1760,7, 7.9780604318
task_parallel_transpose,8,1760,7, 3.3905615062
for_parallel,8,1760,8, 7.9735126421
for_parallel_transpose,8,1760,8, 3.2310458943
task_parallel,8,1760,8, 8.3223659322
task_parallel_transpose,8,1760,8, 3.3672779053
for_parallel,8,1760,9, 8.0640354007
for_parallel_transpose,8,1760,9, 3.2411687821
task_parallel,8,1760,9, 7.9765826315
task_parallel_transpose,8,1760,9, 3.3628908247
for_parallel,8,1760,10, 8.0710572079
for_parallel_transpose,8,1760,10, 3.2660617903
task_parallel,8,1760,10, 8.2322874442
task_parallel_transpose,8,1760,10, 3.3761555701
for_parallel,8,1760,11, 8.1210297272
for_parallel_transpose,8,1760,11, 3.2508946434
task_parallel,8,1760,11, 8.1222421229
task_parallel_transpose,8,1760,11, 3.3744400144
for_parallel,8,1760,12, 8.0078480914
for_parallel_transpose,8,1760,12, 3.2194671184
task_parallel,8,1760,12, 7.8333533108
task_parallel_transpose,8,1760,12, 3.3770092651
for_parallel,8,1760,13, 7.9309276566
for_parallel_transpose,8,1760,13, 3.2331033424
task_parallel,8,1760,13, 7.9058456197
task_parallel_transpose,8,1760,13, 3.3871635124
for_parallel,8,1760,14, 8.0203226954
for_parallel_transpose,8,1760,14, 3.2747356221
task_parallel,8,1760,14, 8.0615300909
task_parallel_transpose,8,1760,14, 3.3897800893
for_parallel,8,1760,15, 8.0071836263
for_parallel_transpose,8,1760,15, 3.2665922418
task_parallel,8,1760,15, 8.0657727942
task_parallel_transpose,8,1760,15, 3.3600792810
for_parallel,16,1760,1, 4.0414850712
for_parallel_transpose,16,1760,1, 1.6956242174
task_parallel,16,1760,1, 4.0385302752
task_parallel_transpose,16,1760,1, 1.8143883571
for_parallel,16,1760,2, 4.1086094230
for_parallel_transpose,16,1760,2, 1.6891455501
task_parallel,16,1760,2, 4.0906585008
task_parallel_transpose,16,1760,2, 1.8345204145
for_parallel,16,1760,3, 3.9887365550
for_parallel_transpose,16,1760,3, 1.7082832605
task_parallel,16,1760,3, 4.0599258691
task_parallel_transpose,16,1760,3, 1.8193473071
for_parallel,16,1760,4, 4.0545223430
for_parallel_transpose,16,1760,4, 1.6927721128
task_parallel,16,1760,4, 4.0925115868
task_parallel_transpose,16,1760,4, 1.8566964120
for_parallel,16,1760,5, 4.1454940513
for_parallel_transpose,16,1760,5, 1.6789385080
task_parallel,16,1760,5, 4.0688256472
task_parallel_transpose,16,1760,5, 1.8198330924
for_parallel,16,1760,6, 4.0222458094
for_parallel_transpose,16,1760,6, 1.6955824494
task_parallel,16,1760,6, 4.0399467722
task_parallel_transpose,16,1760,6, 1.8431676105
for_parallel,16,1760,7, 4.0705542341
for_parallel_transpose,16,1760,7, 1.6917313412
task_parallel,16,1760,7, 3.9858040810
task_parallel_transpose,16,1760,7, 1.8190100342
for_parallel,16,1760,8, 4.1395743266
for_parallel_transpose,16,1760,8, 1.7029273733
task_parallel,16,1760,8, 4.1153070405
task_parallel_transpose,16,1760,8, 1.8412823901
for_parallel,16,1760,9, 4.0893275216
for_parallel_transpose,16,1760,9, 1.6878893375
task_parallel,16,1760,9, 4.2224218100
task_parallel_transpose,16,1760,9, 1.7942144722
for_parallel,16,1760,10, 4.0562263578
for_parallel_transpose,16,1760,10, 1.6904495060
task_parallel,16,1760,10, 4.0549703091
task_parallel_transpose,16,1760,10, 1.8202134520
for_parallel,16,1760,11, 4.1508167312
for_parallel_transpose,16,1760,11, 1.6812465265
task_parallel,16,1760,11, 4.0036065876
task_parallel_transpose,16,1760,11, 1.8451372460
for_parallel,16,1760,12, 4.0412740111
for_parallel_transpose,16,1760,12, 1.6838882938
task_parallel,16,1760,12, 4.1378548443
task_parallel_transpose,16,1760,12, 1.8330123350
for_parallel,16,1760,13, 4.0430312529
for_parallel_transpose,16,1760,13, 1.6914200857
task_parallel,16,1760,13, 4.0583955273
task_parallel_transpose,16,1760,13, 1.8638498336
for_parallel,16,1760,14, 4.0458467379
for_parallel_transpose,16,1760,14, 1.6994143426
task_parallel,16,1760,14, 4.1453816071
task_parallel_transpose,16,1760,14, 1.8491050825
for_parallel,16,1760,15, 4.0322806910
for_parallel_transpose,16,1760,15, 1.6911891624
task_parallel,16,1760,15, 4.0655871704
task_parallel_transpose,16,1760,15, 1.8488881215
for_parallel,32,1760,1, 2.0970897898
for_parallel_transpose,32,1760,1, 0.9061820656
task_parallel,32,1760,1, 2.1524447575
task_parallel_transpose,32,1760,1, 1.1019132808
for_parallel,32,1760,2, 2.1386924535
for_parallel_transpose,32,1760,2, 0.9214875251
task_parallel,32,1760,2, 2.1342856213
task_parallel_transpose,32,1760,2, 1.0890286788
for_parallel,32,1760,3, 2.0805454031
for_parallel_transpose,32,1760,3, 0.9277966321
task_parallel,32,1760,3, 2.1047762185
task_parallel_transpose,32,1760,3, 1.1000340730
for_parallel,32,1760,4, 2.1246106029
for_parallel_transpose,32,1760,4, 0.9322910681
task_parallel,32,1760,4, 2.0936865732
task_parallel_transpose,32,1760,4, 1.1033130735
for_parallel,32,1760,5, 2.1464577317
for_parallel_transpose,32,1760,5, 0.9338576272
task_parallel,32,1760,5, 2.1165812165
task_parallel_transpose,32,1760,5, 1.0740466788
for_parallel,32,1760,6, 2.1999055073
for_parallel_transpose,32,1760,6, 0.9132621139
task_parallel,32,1760,6, 2.1086115539
task_parallel_transpose,32,1760,6, 1.0763949677
for_parallel,32,1760,7, 2.1222187355
for_parallel_transpose,32,1760,7, 0.9132152423
task_parallel,32,1760,7, 2.1140867323
task_parallel_transpose,32,1760,7, 1.0723240525
for_parallel,32,1760,8, 2.1843850985
for_parallel_transpose,32,1760,8, 0.9191380441
task_parallel,32,1760,8, 2.1197140142
task_parallel_transpose,32,1760,8, 1.0593053475
for_parallel,32,1760,9, 2.7774975449
for_parallel_transpose,32,1760,9, 0.9269975573
task_parallel,32,1760,9, 2.1407488734
task_parallel_transpose,32,1760,9, 1.1129060537
for_parallel,32,1760,10, 2.1444884464
for_parallel_transpose,32,1760,10, 1.0534707308
task_parallel,32,1760,10, 2.1385835111
task_parallel_transpose,32,1760,10, 1.0925271660
for_parallel,32,1760,11, 2.1037520766
for_parallel_transpose,32,1760,11, 0.9119402319
task_parallel,32,1760,11, 2.1273498982
task_parallel_transpose,32,1760,11, 1.0383638218
for_parallel,32,1760,12, 2.1363045573
for_parallel_transpose,32,1760,12, 0.9336418808
task_parallel,32,1760,12, 2.1864615530
task_parallel_transpose,32,1760,12, 1.1193391606
for_parallel,32,1760,13, 2.1172875613
for_parallel_transpose,32,1760,13, 0.9169910997
task_parallel,32,1760,13, 2.1387731656
task_parallel_transpose,32,1760,13, 1.1035140008
for_parallel,32,1760,14, 2.1471393853
for_parallel_transpose,32,1760,14, 0.9188530520
task_parallel,32,1760,14, 2.1444450542
task_parallel_transpose,32,1760,14, 1.1038440615
for_parallel,32,1760,15, 2.1047502011
for_parallel_transpose,32,1760,15, 0.9340760186
task_parallel,32,1760,15, 2.1448478550
task_parallel_transpose,32,1760,15, 1.1032533646
for_parallel,4,1920,1, 20.8672250807
for_parallel_transpose,4,1920,1, 8.2037970424
task_parallel,4,1920,1, 21.3900658041
task_parallel_transpose,4,1920,1, 8.3208519518
for_parallel,4,1920,2, 21.2429040968
for_parallel_transpose,4,1920,2, 8.1879887581
task_parallel,4,1920,2, 21.5546769425
task_parallel_transpose,4,1920,2, 8.4059417322
for_parallel,4,1920,3, 21.7186134011
for_parallel_transpose,4,1920,3, 8.1933966577
task_parallel,4,1920,3, 20.9575115219
task_parallel_transpose,4,1920,3, 8.3301081359
for_parallel,4,1920,4, 21.8512827829
for_parallel_transpose,4,1920,4, 8.1953222603
task_parallel,4,1920,4, 21.1391529962
task_parallel_transpose,4,1920,4, 8.2966008335
for_parallel,4,1920,5, 21.6776114702
for_parallel_transpose,4,1920,5, 8.1943089291
task_parallel,4,1920,5, 21.0089096650
task_parallel_transpose,4,1920,5, 8.3318909034
for_parallel,4,1920,6, 20.9983633906
for_parallel_transpose,4,1920,6, 8.2411644906
task_parallel,4,1920,6, 21.7270200849
task_parallel_transpose,4,1920,6, 8.2963593155
for_parallel,4,1920,7, 21.9026725292
for_parallel_transpose,4,1920,7, 8.1706376448
task_parallel,4,1920,7, 21.4675928354
task_parallel_transpose,4,1920,7, 8.3047191799
for_parallel,4,1920,8, 21.8149708658
for_parallel_transpose,4,1920,8, 8.1695462763
task_parallel,4,1920,8, 21.8387288675
task_parallel_transpose,4,1920,8, 8.3303645104
for_parallel,4,1920,9, 21.7299246490
for_parallel_transpose,4,1920,9, 8.1493029073
task_parallel,4,1920,9, 21.4548243582
task_parallel_transpose,4,1920,9, 8.3195596635
for_parallel,4,1920,10, 21.3254802451
for_parallel_transpose,4,1920,10, 8.1787702888
task_parallel,4,1920,10, 21.1930727884
task_parallel_transpose,4,1920,10, 8.3315911964
for_parallel,4,1920,11, 20.9410020784
for_parallel_transpose,4,1920,11, 8.2232653424
task_parallel,4,1920,11, 21.3106862456
task_parallel_transpose,4,1920,11, 8.3092333004
for_parallel,4,1920,12, 22.0154739991
for_parallel_transpose,4,1920,12, 8.2167349979
task_parallel,4,1920,12, 21.5281659141
task_parallel_transpose,4,1920,12, 8.3087317124
for_parallel,4,1920,13, 21.8915187716
for_parallel_transpose,4,1920,13, 8.1746230572
task_parallel,4,1920,13, 20.9458322972
task_parallel_transpose,4,1920,13, 8.3661003187
for_parallel,4,1920,14, 20.7749163508
for_parallel_transpose,4,1920,14, 8.1597249061
task_parallel,4,1920,14, 20.7816414833
task_parallel_transpose,4,1920,14, 8.3094121292
for_parallel,4,1920,15, 20.7474908382
for_parallel_transpose,4,1920,15, 8.2799568996
task_parallel,4,1920,15, 21.4372842535
task_parallel_transpose,4,1920,15, 8.2876445726
for_parallel,8,1920,1, 10.8277270868
for_parallel_transpose,8,1920,1, 4.1931113303
task_parallel,8,1920,1, 10.8554635644
task_parallel_transpose,8,1920,1, 4.3114478514
for_parallel,8,1920,2, 11.2351788729
for_parallel_transpose,8,1920,2, 4.2243155614
task_parallel,8,1920,2, 10.9625940993
task_parallel_transpose,8,1920,2, 4.3298922703
for_parallel,8,1920,3, 10.9565286413
for_parallel_transpose,8,1920,3, 4.1790078953
task_parallel,8,1920,3, 11.0944567472
task_parallel_transpose,8,1920,3, 4.3543003798
for_parallel,8,1920,4, 11.0442511067
for_parallel_transpose,8,1920,4, 4.2133201286
task_parallel,8,1920,4, 11.1630885154
task_parallel_transpose,8,1920,4, 4.3425532430
for_parallel,8,1920,5, 11.1700723991
for_parallel_transpose,8,1920,5, 4.1661090404
task_parallel,8,1920,5, 11.1629021615
task_parallel_transpose,8,1920,5, 4.3228162229
for_parallel,8,1920,6, 11.2961509302
for_parallel_transpose,8,1920,6, 4.1773602888
task_parallel,8,1920,6, 10.8956883475
task_parallel_transpose,8,1920,6, 4.3777369261
for_parallel,8,1920,7, 11.2692913041
for_parallel_transpose,8,1920,7, 4.1729374081
task_parallel,8,1920,7, 11.0342361480
task_parallel_transpose,8,1920,7, 4.3332690671
for_parallel,8,1920,8, 11.2285356820
for_parallel_transpose,8,1920,8, 4.2088654488
task_parallel,8,1920,8, 11.1031413674
task_parallel_transpose,8,1920,8, 4.3299228251
for_parallel,8,1920,9, 10.8430668339
for_parallel_transpose,8,1920,9, 4.1824454516
task_parallel,8,1920,9, 11.0434113443
task_parallel_transpose,8,1920,9, 4.3608905077
for_parallel,8,1920,10, 10.9309418947
for_parallel_transpose,8,1920,10, 4.1806653142
task_parallel,8,1920,10, 11.2353065535
task_parallel_transpose,8,1920,10, 4.3308006674
for_parallel,8,1920,11, 10.9228572547
for_parallel_transpose,8,1920,11, 4.2512902394
task_parallel,8,1920,11, 11.1404054388
task_parallel_transpose,8,1920,11, 4.3325352967
for_parallel,8,1920,12, 11.0611553565
for_parallel_transpose,8,1920,12, 4.1580985487
task_parallel,8,1920,12, 10.8189454079
task_parallel_transpose,8,1920,12, 4.3073960766
for_parallel,8,1920,13, 11.6113531217
for_parallel_transpose,8,1920,13, 4.1939425915
task_parallel,8,1920,13, 11.2946271226
task_parallel_transpose,8,1920,13, 4.3305401132
for_parallel,8,1920,14, 11.1635891125
for_parallel_transpose,8,1920,14, 4.1695128679
task_parallel,8,1920,14, 11.0513435528
task_parallel_transpose,8,1920,14, 4.3458558396
for_parallel,8,1920,15, 11.0399467722
for_parallel_transpose,8,1920,15, 4.1793073565
task_parallel,8,1920,15, 10.8925983161
task_parallel_transpose,8,1920,15, 4.3271394968
for_parallel,16,1920,1, 5.7462645173
for_parallel_transpose,16,1920,1, 2.2250077203
task_parallel,16,1920,1, 5.7465905026
task_parallel_transpose,16,1920,1, 2.3576208130
for_parallel,16,1920,2, 5.5133181289
for_parallel_transpose,16,1920,2, 2.1711227298
task_parallel,16,1920,2, 5.6512372270
task_parallel_transpose,16,1920,2, 2.3606949821
for_parallel,16,1920,3, 5.5730751231
for_parallel_transpose,16,1920,3, 2.1871795505
task_parallel,16,1920,3, 5.6414734572
task_parallel_transpose,16,1920,3, 2.3159353212
for_parallel,16,1920,4, 5.6327602491
for_parallel_transpose,16,1920,4, 2.1873288080
task_parallel,16,1920,4, 5.4837781489
task_parallel_transpose,16,1920,4, 2.3550840318
for_parallel,16,1920,5, 5.6281012520
for_parallel_transpose,16,1920,5, 2.1807680354
task_parallel,16,1920,5, 5.4989354759
task_parallel_transpose,16,1920,5, 2.3145431578
for_parallel,16,1920,6, 5.5440843627
for_parallel_transpose,16,1920,6, 2.1757881865
task_parallel,16,1920,6, 5.5554489791
task_parallel_transpose,16,1920,6, 2.3448898122
for_parallel,16,1920,7, 5.8658804446
for_parallel_transpose,16,1920,7, 2.1755574867
task_parallel,16,1920,7, 5.6803434864
task_parallel_transpose,16,1920,7, 2.3065923825
for_parallel,16,1920,8, 5.6699783951
for_parallel_transpose,16,1920,8, 2.1780144200
task_parallel,16,1920,8, 5.5215483010
task_parallel_transpose,16,1920,8, 2.3047341555
for_parallel,16,1920,9, 5.6753431857
for_parallel_transpose,16,1920,9, 2.1752934158
task_parallel,16,1920,9, 5.4604629129
task_parallel_transpose,16,1920,9, 2.3539928198
for_parallel,16,1920,10, 5.6477353945
for_parallel_transpose,16,1920,10, 2.1774640828
task_parallel,16,1920,10, 5.5234060958
task_parallel_transpose,16,1920,10, 2.3238264620
for_parallel,16,1920,11, 5.5707459748
for_parallel_transpose,16,1920,11, 2.1709475294
task_parallel,16,1920,11, 5.4678339586
task_parallel_transpose,16,1920,11, 2.3421688378
for_parallel,16,1920,12, 5.5848966464
for_parallel_transpose,16,1920,12, 2.1738927215
task_parallel,16,1920,12, 5.5272360817
task_parallel_transpose,16,1920,12, 2.3313272446
for_parallel,16,1920,13, 5.5164084658
for_parallel_transpose,16,1920,13, 2.1773955077
task_parallel,16,1920,13, 5.6292387396
task_parallel_transpose,16,1920,13, 2.3202888668
for_parallel,16,1920,14, 5.6247089952
for_parallel_transpose,16,1920,14, 2.1827545837
task_parallel,16,1920,14, 5.6028284654
task_parallel_transpose,16,1920,14, 2.3698252738
for_parallel,16,1920,15, 5.6914167330
for_parallel_transpose,16,1920,15, 2.1958940998
task_parallel,16,1920,15, 5.6838263720
task_parallel_transpose,16,1920,15, 2.3609242737
for_parallel,32,1920,1, 2.8972322345
for_parallel_transpose,32,1920,1, 1.1737341285
task_parallel,32,1920,1, 2.9191352427
task_parallel_transpose,32,1920,1, 1.4040608555
for_parallel,32,1920,2, 2.8946870416
for_parallel_transpose,32,1920,2, 1.2575906888
task_parallel,32,1920,2, 2.8757779598
task_parallel_transpose,32,1920,2, 1.3345611691
for_parallel,32,1920,3, 2.9175035730
for_parallel_transpose,32,1920,3, 1.2168149799
task_parallel,32,1920,3, 2.8658053428
task_parallel_transpose,32,1920,3, 1.4186329991
for_parallel,32,1920,4, 2.9631459936
for_parallel_transpose,32,1920,4, 1.1891388968
task_parallel,32,1920,4, 2.9095661342
task_parallel_transpose,32,1920,4, 1.3728540465
for_parallel,32,1920,5, 2.9357735515
for_parallel_transpose,32,1920,5, 1.1856721565
task_parallel,32,1920,5, 2.9525881708
task_parallel_transpose,32,1920,5, 1.3781806827
for_parallel,32,1920,6, 2.8655480221
for_parallel_transpose,32,1920,6, 1.2368329912
task_parallel,32,1920,6, 2.8984523416
task_parallel_transpose,32,1920,6, 1.4185010865
for_parallel,32,1920,7, 2.8725873381
for_parallel_transpose,32,1920,7, 1.1798378378
task_parallel,32,1920,7, 2.9235557914
task_parallel_transpose,32,1920,7, 1.4304570630
for_parallel,32,1920,8, 2.9444802627
for_parallel_transpose,32,1920,8, 1.1776911095
task_parallel,32,1920,8, 2.8924832270
task_parallel_transpose,32,1920,8, 1.3633978069
for_parallel,32,1920,9, 2.9478956088
for_parallel_transpose,32,1920,9, 1.1842094213
task_parallel,32,1920,9, 2.9012312889
task_parallel_transpose,32,1920,9, 1.4158932418
for_parallel,32,1920,10, 2.9236931950
for_parallel_transpose,32,1920,10, 1.1773909926
task_parallel,32,1920,10, 2.8508186266
task_parallel_transpose,32,1920,10, 1.3501994535
for_parallel,32,1920,11, 2.9092069939
for_parallel_transpose,32,1920,11, 1.1744605005
task_parallel,32,1920,11, 2.9046223015
task_parallel_transpose,32,1920,11, 1.3729886487
for_parallel,32,1920,12, 2.8673289940
for_parallel_transpose,32,1920,12, 1.1716166139
task_parallel,32,1920,12, 2.8863106146
task_parallel_transpose,32,1920,12, 1.3781382889
for_parallel,32,1920,13, 2.9761415720
for_parallel_transpose,32,1920,13, 1.1784594208
task_parallel,32,1920,13, 2.8469348624
task_parallel_transpose,32,1920,13, 1.3825182021
for_parallel,32,1920,14, 2.9913906455
for_parallel_transpose,32,1920,14, 1.1763914898
task_parallel,32,1920,14, 2.9058791324
task_parallel_transpose,32,1920,14, 1.3949945047
for_parallel,32,1920,15, 2.9186738431
for_parallel_transpose,32,1920,15, 1.1897689402
task_parallel,32,1920,15, 2.9392548203
task_parallel_transpose,32,1920,15, 1.3742303550
for_parallel,4,2080,1, 27.6777281910
for_parallel_transpose,4,2080,1, 10.3709214479
task_parallel,4,2080,1, 27.9838141352
task_parallel_transpose,4,2080,1, 10.5542123169
for_parallel,4,2080,2, 28.6304431558
for_parallel_transpose,4,2080,2, 10.3796787187
task_parallel,4,2080,2, 28.8509476855
task_parallel_transpose,4,2080,2, 10.5479057282
for_parallel,4,2080,3, 28.3907354474
for_parallel_transpose,4,2080,3, 10.4997802526
task_parallel,4,2080,3, 27.6078325957
task_parallel_transpose,4,2080,3, 10.5382866636
for_parallel,4,2080,4, 28.6462920606
for_parallel_transpose,4,2080,4, 10.3882535174
task_parallel,4,2080,4, 27.9011228532
task_parallel_transpose,4,2080,4, 10.5483901054
for_parallel,4,2080,5, 29.3504144177
for_parallel_transpose,4,2080,5, 10.4286073148
task_parallel,4,2080,5, 28.5855907127
task_parallel_transpose,4,2080,5, 10.5474793315
for_parallel,4,2080,6, 26.9533154741
for_parallel_transpose,4,2080,6, 10.4745392948
task_parallel,4,2080,6, 27.4306226075
task_parallel_transpose,4,2080,6, 10.5482299328
for_parallel,4,2080,7, 28.3799308091
for_parallel_transpose,4,2080,7, 10.3823619783
task_parallel,4,2080,7, 29.0622017533
task_parallel_transpose,4,2080,7, 10.5481238961
for_parallel,4,2080,8, 27.8232462406
for_parallel_transpose,4,2080,8, 10.3648627326
task_parallel,4,2080,8, 27.4244647324
task_parallel_transpose,4,2080,8, 10.5233225226
for_parallel,4,2080,9, 28.2250734717
for_parallel_transpose,4,2080,9, 10.3672878891
task_parallel,4,2080,9, 27.1718780771
task_parallel_transpose,4,2080,9, 10.5457942858
for_parallel,4,2080,10, 27.4328209758
for_parallel_transpose,4,2080,10, 10.5135964304
task_parallel,4,2080,10, 27.7050769106
task_parallel_transpose,4,2080,10, 10.5629664361
for_parallel,4,2080,11, 29.9372015148
for_parallel_transpose,4,2080,11, 10.3884860948
task_parallel,4,2080,11, 27.9021409377
task_parallel_transpose,4,2080,11, 10.5353928953
for_parallel,4,2080,12, 28.4466032311
for_parallel_transpose,4,2080,12, 10.3807829097
task_parallel,4,2080,12, 28.0632382184
task_parallel_transpose,4,2080,12, 10.5480341613
for_parallel,4,2080,13, 29.3051971197
for_parallel_transpose,4,2080,13, 10.4122773334
task_parallel,4,2080,13, 28.6430649161
task_parallel_transpose,4,2080,13, 10.5454037040
for_parallel,4,2080,14, 29.9141754806
for_parallel_transpose,4,2080,14, 10.4065632820
task_parallel,4,2080,14, 29.0172681734
task_parallel_transpose,4,2080,14, 10.5640392303
for_parallel,4,2080,15, 28.9867181927
for_parallel_transpose,4,2080,15, 10.3528671861
task_parallel,4,2080,15, 28.0828331113
task_parallel_transpose,4,2080,15, 10.5422391742
for_parallel,8,2080,1, 15.0213331431
for_parallel_transpose,8,2080,1, 5.3229281530
task_parallel,8,2080,1, 15.1784210727
task_parallel_transpose,8,2080,1, 5.4644867629
for_parallel,8,2080,2, 14.8100154623
for_parallel_transpose,8,2080,2, 5.3473740146
task_parallel,8,2080,2, 15.3824817240
task_parallel_transpose,8,2080,2, 5.4439237937
for_parallel,8,2080,3, 15.0915896595
for_parallel_transpose,8,2080,3, 5.3304978833
task_parallel,8,2080,3, 15.0578358918
task_parallel_transpose,8,2080,3, 5.4659685865
for_parallel,8,2080,4, 14.8118609935
for_parallel_transpose,8,2080,4, 5.2895667031
task_parallel,8,2080,4, 14.8744338304
task_parallel_transpose,8,2080,4, 5.4799137935
for_parallel,8,2080,5, 15.0365796164
for_parallel_transpose,8,2080,5, 5.3303149119
task_parallel,8,2080,5, 14.8883029893
task_parallel_transpose,8,2080,5, 5.4603634700
for_parallel,8,2080,6, 15.2743704990
for_parallel_transpose,8,2080,6, 5.2742097154
task_parallel,8,2080,6, 15.3589657173
task_parallel_transpose,8,2080,6, 5.4524827451
for_parallel,8,2080,7, 15.0415768400
for_parallel_transpose,8,2080,7, 5.2673976570
task_parallel,8,2080,7, 14.9939808697
task_parallel_transpose,8,2080,7, 5.4673933759
for_parallel,8,2080,8, 15.2421070039
for_parallel_transpose,8,2080,8, 5.2930935845
task_parallel,8,2080,8, 15.3340569958
task_parallel_transpose,8,2080,8, 5.4462798163
for_parallel,8,2080,9, 15.9108210355
for_parallel_transpose,8,2080,9, 5.4234463573
task_parallel,8,2080,9, 15.2117176726
task_parallel_transpose,8,2080,9, 5.4748909697
for_parallel,8,2080,10, 15.1113778576
for_parallel_transpose,8,2080,10, 5.2660551444
task_parallel,8,2080,10, 15.1288733706
task_parallel_transpose,8,2080,10, 5.4666129872
for_parallel,8,2080,11, 14.9317645431
for_parallel_transpose,8,2080,11, 5.3565751463
task_parallel,8,2080,11, 15.2787148058
task_parallel_transpose,8,2080,11, 5.4184029102
for_parallel,8,2080,12, 14.9405229539
for_parallel_transpose,8,2080,12, 5.2925630510
task_parallel,8,2080,12, 14.9823845252
task_parallel_transpose,8,2080,12, 5.4674013928
for_parallel,8,2080,13, 15.1421845406
for_parallel_transpose,8,2080,13, 5.3692751974
task_parallel,8,2080,13, 14.9246328548
task_parallel_transpose,8,2080,13, 5.4507415816
for_parallel,8,2080,14, 14.8665898964
for_parallel_transpose,8,2080,14, 5.3128983602
task_parallel,8,2080,14, 14.8590330034
task_parallel_transpose,8,2080,14, 5.4722849950
for_parallel,8,2080,15, 15.4157742634
for_parallel_transpose,8,2080,15, 5.2929953262
task_parallel,8,2080,15, 15.0008835271
task_parallel_transpose,8,2080,15, 5.4714758769
for_parallel,16,2080,1, 7.7884130627
for_parallel_transpose,16,2080,1, 2.7387257069
task_parallel,16,2080,1, 7.6108759195
task_parallel_transpose,16,2080,1, 2.9338316172
for_parallel,16,2080,2, 7.7001028210
for_parallel_transpose,16,2080,2, 2.7424749434
task_parallel,16,2080,2, 7.5759242177
task_parallel_transpose,16,2080,2, 2.9320832118
for_parallel,16,2080,3, 7.7651611865
for_parallel_transpose,16,2080,3, 2.7507961318
task_parallel,16,2080,3, 7.7848144546
task_parallel_transpose,16,2080,3, 2.9569381028
for_parallel,16,2080,4, 7.7009753436
for_parallel_transpose,16,2080,4, 2.7315536216
task_parallel,16,2080,4, 7.7951425016
task_parallel_transpose,16,2080,4, 2.9043096080
for_parallel,16,2080,5, 7.7265669107
for_parallel_transpose,16,2080,5, 2.7386055514
task_parallel,16,2080,5, 7.4997907728
task_parallel_transpose,16,2080,5, 2.8864980340
for_parallel,16,2080,6, 7.6017731279
for_parallel_transpose,16,2080,6, 2.7396552786
task_parallel,16,2080,6, 7.4715054333
task_parallel_transpose,16,2080,6, 2.9219974428
for_parallel,16,2080,7, 7.6882993057
for_parallel_transpose,16,2080,7, 2.7290908992
task_parallel,16,2080,7, 7.5484470949
task_parallel_transpose,16,2080,7, 2.9190120474
for_parallel,16,2080,8, 7.5912779644
for_parallel_transpose,16,2080,8, 2.7372031733
task_parallel,16,2080,8, 7.5558008626
task_parallel_transpose,16,2080,8, 2.9399056509
for_parallel,16,2080,9, 7.5623436123
for_parallel_transpose,16,2080,9, 2.7508224472
task_parallel,16,2080,9, 7.6278549880
task_parallel_transpose,16,2080,9, 2.9283792004
for_parallel,16,2080,10, 7.5504303500
for_parallel_transpose,16,2080,10, 2.7560133860
task_parallel,16,2080,10, 7.6933924705
task_parallel_transpose,16,2080,10, 2.9622143880
for_parallel,16,2080,11, 7.7554290444
for_parallel_transpose,16,2080,11, 2.7389338389
task_parallel,16,2080,11, 7.7562449947
task_parallel_transpose,16,2080,11, 2.9317272007
for_parallel,16,2080,12, 7.6039860845
for_parallel_transpose,16,2080,12, 2.7535058931
task_parallel,16,2080,12, 7.6638884172
task_parallel_transpose,16,2080,12, 2.9331830144
for_parallel,16,2080,13, 7.7205172181
for_parallel_transpose,16,2080,13, 2.7459000275
task_parallel,16,2080,13, 7.7353427112
task_parallel_transpose,16,2080,13, 2.9176659063
for_parallel,16,2080,14, 7.6392227709
for_parallel_transpose,16,2080,14, 2.7837135643
task_parallel,16,2080,14, 7.4597839192
task_parallel_transpose,16,2080,14, 2.9325425774
for_parallel,16,2080,15, 7.4943916798
for_parallel_transpose,16,2080,15, 2.7514669895
task_parallel,16,2080,15, 7.6909553111
task_parallel_transpose,16,2080,15, 2.9173947796
for_parallel,32,2080,1, 3.8846323118
for_parallel_transpose,32,2080,1, 1.4902742207
task_parallel,32,2080,1, 3.9789019972
task_parallel_transpose,32,2080,1, 1.6978955865
for_parallel,32,2080,2, 3.9838114306
for_parallel_transpose,32,2080,2, 1.4715944603
task_parallel,32,2080,2, 3.8728223369
task_parallel_transpose,32,2080,2, 1.6458000764
for_parallel,32,2080,3, 4.0071797073
for_parallel_transpose,32,2080,3, 1.4972684458
task_parallel,32,2080,3, 3.9584919661
task_parallel_transpose,32,2080,3, 1.6945714056
for_parallel,32,2080,4, 4.0071205422
for_parallel_transpose,32,2080,4, 1.4922898263
task_parallel,32,2080,4, 3.9340090156
task_parallel_transpose,32,2080,4, 1.6680001393
for_parallel,32,2080,5, 4.0394494906
for_parallel_transpose,32,2080,5, 1.4794050455
task_parallel,32,2080,5, 3.9456974417
task_parallel_transpose,32,2080,5, 1.7307969183
for_parallel,32,2080,6, 3.9553201422
for_parallel_transpose,32,2080,6, 1.4726793319
task_parallel,32,2080,6, 3.9653211609
task_parallel_transpose,32,2080,6, 1.7289889529
for_parallel,32,2080,7, 3.9164604843
for_parallel_transpose,32,2080,7, 1.4722022042
task_parallel,32,2080,7, 4.0788078010
task_parallel_transpose,32,2080,7, 1.7100368440
for_parallel,32,2080,8, 3.9743507355
for_parallel_transpose,32,2080,8, 1.4857220277
task_parallel,32,2080,8, 3.8903824165
task_parallel_transpose,32,2080,8, 1.7326472029
for_parallel,32,2080,9, 3.9272365272
for_parallel_transpose,32,2080,9, 1.4822874591
task_parallel,32,2080,9, 3.9275824726
task_parallel_transpose,32,2080,9, 1.6879148930
for_parallel,32,2080,10, 3.9875303730
for_parallel_transpose,32,2080,10, 1.4775430933
task_parallel,32,2080,10, 3.9445248172
task_parallel_transpose,32,2080,10, 1.7501021400
for_parallel,32,2080,11, 3.9641030803
for_parallel_transpose,32,2080,11, 1.4607235715
task_parallel,32,2080,11, 3.8630370051
task_parallel_transpose,32,2080,11, 1.6644987240
for_parallel,32,2080,12, 4.1117370427
for_parallel_transpose,32,2080,12, 1.4762564152
task_parallel,32,2080,12, 3.9237027913
task_parallel_transpose,32,2080,12, 1.7436441928
for_parallel,32,2080,13, 3.9085764736
for_parallel_transpose,32,2080,13, 1.4752724096
task_parallel,32,2080,13, 4.0065343827
task_parallel_transpose,32,2080,13, 1.6897102445
for_parallel,32,2080,14, 4.0476480350
for_parallel_transpose,32,2080,14, 1.4772495851
task_parallel,32,2080,14, 4.0053336099
task_parallel_transpose,32,2080,14, 1.7073914260
for_parallel,32,2080,15, 3.9226610139
for_parallel_transpose,32,2080,15, 1.4766342640
task_parallel,32,2080,15, 3.9275849089
task_parallel_transpose,32,2080,15, 1.6678987592
for_parallel,4,2240,1, 38.2967120223
for_parallel_transpose,4,2240,1, 12.9353606366
task_parallel,4,2240,1, 38.7881881706
task_parallel_transpose,4,2240,1, 13.1271823458
for_parallel,4,2240,2, 34.9174946174
for_parallel_transpose,4,2240,2, 12.9589794502
task_parallel,4,2240,2, 36.5846106485
task_parallel_transpose,4,2240,2, 13.1368462704
for_parallel,4,2240,3, 35.4357113503
for_parallel_transpose,4,2240,3, 12.9416929632
task_parallel,4,2240,3, 37.6886151694
task_parallel_transpose,4,2240,3, 13.2151160911
for_parallel,4,2240,4, 35.9739047214
for_parallel_transpose,4,2240,4, 12.9747644067
task_parallel,4,2240,4, 37.5116099156
task_parallel_transpose,4,2240,4, 13.1490254663
for_parallel,4,2240,5, 35.7882891633
for_parallel_transpose,4,2240,5, 12.9768418558
task_parallel,4,2240,5, 39.0067905337
task_parallel_transpose,4,2240,5, 13.0803704746
for_parallel,4,2240,6, 35.3385351598
for_parallel_transpose,4,2240,6, 12.9946202226
task_parallel,4,2240,6, 37.1157062985
task_parallel_transpose,4,2240,6, 13.1537146978
for_parallel,4,2240,7, 34.9455396608
for_parallel_transpose,4,2240,7, 13.0746560656
task_parallel,4,2240,7, 37.2301093936
task_parallel_transpose,4,2240,7, 13.1647329926
for_parallel,4,2240,8, 36.4541057609
for_parallel_transpose,4,2240,8, 12.9582493678
task_parallel,4,2240,8, 37.0723025538
task_parallel_transpose,4,2240,8, 13.1804436110
for_parallel,4,2240,9, 37.9066977575
for_parallel_transpose,4,2240,9, 12.9497037046
task_parallel,4,2240,9, 36.0657221749
task_parallel_transpose,4,2240,9, 13.1556301266
for_parallel,4,2240,10, 38.7334395871
for_parallel_transpose,4,2240,10, 12.9265046529
task_parallel,4,2240,10, 38.7095380053
task_parallel_transpose,4,2240,10, 13.1275485978
for_parallel,4,2240,11, 37.9898705110
for_parallel_transpose,4,2240,11, 13.0221131742
task_parallel,4,2240,11, 38.7294227220
task_parallel_transpose,4,2240,11, 13.1510585472
for_parallel,4,2240,12, 35.0465918258
for_parallel_transpose,4,2240,12, 12.9625284672
task_parallel,4,2240,12, 35.4518582001
task_parallel_transpose,4,2240,12, 13.1274945140
for_parallel,4,2240,13, 34.9685822129
for_parallel_transpose,4,2240,13, 12.9303239994
task_parallel,4,2240,13, 36.7885982580
task_parallel_transpose,4,2240,13, 13.0798721649
for_parallel,4,2240,14, 36.4439129978
for_parallel_transpose,4,2240,14, 12.9369362481
task_parallel,4,2240,14, 37.3863437735
task_parallel_transpose,4,2240,14, 13.1464303471
for_parallel,4,2240,15, 35.5516899787
for_parallel_transpose,4,2240,15, 12.9856935479
task_parallel,4,2240,15, 37.6483796053
task_parallel_transpose,4,2240,15, 13.1897415332
for_parallel,8,2240,1, 20.3359643333
for_parallel_transpose,8,2240,1, 6.5849648528
task_parallel,8,2240,1, 19.9647148661
task_parallel_transpose,8,2240,1, 6.7983015776
for_parallel,8,2240,2, 19.8702652194
for_parallel_transpose,8,2240,2, 6.5990311094
task_parallel,8,2240,2, 19.9421288446
task_parallel_transpose,8,2240,2, 6.8413071483
for_parallel,8,2240,3, 19.9149863869
for_parallel_transpose,8,2240,3, 6.6043683998
task_parallel,8,2240,3, 20.2110518701
task_parallel_transpose,8,2240,3, 6.8216570914
for_parallel,8,2240,4, 20.4279891923
for_parallel_transpose,8,2240,4, 6.5951120406
task_parallel,8,2240,4, 20.0775132217
task_parallel_transpose,8,2240,4, 6.7781655118
for_parallel,8,2240,5, 20.0039675795
for_parallel_transpose,8,2240,5, 6.5712044165
task_parallel,8,2240,5, 20.4362396374
task_parallel_transpose,8,2240,5, 6.7944527939
for_parallel,8,2240,6, 20.3808810785
for_parallel_transpose,8,2240,6, 6.6362827793
task_parallel,8,2240,6, 19.9948430322
task_parallel_transpose,8,2240,6, 6.8304526769
for_parallel,8,2240,7, 20.2900890149
for_parallel_transpose,8,2240,7, 6.5969223976
task_parallel,8,2240,7, 19.9977100976
task_parallel_transpose,8,2240,7, 6.7742304057
for_parallel,8,2240,8, 20.1629347913
for_parallel_transpose,8,2240,8, 6.5958728120
task_parallel,8,2240,8, 19.8664649725
task_parallel_transpose,8,2240,8, 6.8580875918
for_parallel,8,2240,9, 20.0499727242
for_parallel_transpose,8,2240,9, 6.6054228581
task_parallel,8,2240,9, 20.5308023579
task_parallel_transpose,8,2240,9, 6.7974096648
for_parallel,8,2240,10, 20.0985374376
for_parallel_transpose,8,2240,10, 6.5797098577
task_parallel,8,2240,10, 19.6772344932
task_parallel_transpose,8,2240,10, 6.8088737689
for_parallel,8,2240,11, 20.1761915646
for_parallel_transpose,8,2240,11, 6.5978427753
task_parallel,8,2240,11, 19.8398318030
task_parallel_transpose,8,2240,11, 6.8028218895
for_parallel,8,2240,12, 20.7915081158
for_parallel_transpose,8,2240,12, 6.5869403891
task_parallel,8,2240,12, 19.9944883250
task_parallel_transpose,8,2240,12, 6.8095514737
for_parallel,8,2240,13, 19.8389624096
for_parallel_transpose,8,2240,13, 6.6540228277
task_parallel,8,2240,13, 19.8318814710
task_parallel_transpose,8,2240,13, 6.7780704647
for_parallel,8,2240,14, 20.0556809120
for_parallel_transpose,8,2240,14, 6.6362833381
task_parallel,8,2240,14, 20.5248204842
task_parallel_transpose,8,2240,14, 6.7963954881
for_parallel,8,2240,15, 20.2356000133
for_parallel_transpose,8,2240,15, 6.5947937109
task_parallel,8,2240,15, 19.8583464399
task_parallel_transpose,8,2240,15, 6.8256854229
for_parallel,16,2240,1, 10.1738452539
for_parallel_transpose,16,2240,1, 3.4251918308
task_parallel,16,2240,1, 10.1021833979
task_parallel_transpose,16,2240,1, 3.6559676044
for_parallel,16,2240,2, 10.3324086145
for_parallel_transpose,16,2240,2, 3.4013514258
task_parallel,16,2240,2, 9.9822029397
task_parallel_transpose,16,2240,2, 3.5958542451
for_parallel,16,2240,3, 10.0344275646
for_parallel_transpose,16,2240,3, 3.4231084287
task_parallel,16,2240,3, 9.9573421255
task_parallel_transpose,16,2240,3, 3.6354959197
for_parallel,16,2240,4, 10.2646141574
for_parallel_transpose,16,2240,4, 3.3912506364
task_parallel,16,2240,4, 10.1268507168
task_parallel_transpose,16,2240,4, 3.6377505995
for_parallel,16,2240,5, 10.2860324457
for_parallel_transpose,16,2240,5, 3.4191590920
task_parallel,16,2240,5, 10.1308394633
task_parallel_transpose,16,2240,5, 3.6332428381
for_parallel,16,2240,6, 10.0055601299
for_parallel_transpose,16,2240,6, 3.4201444313
task_parallel,16,2240,6, 10.2203427330
task_parallel_transpose,16,2240,6, 3.6214833483
for_parallel,16,2240,7, 10.0422983244
for_parallel_transpose,16,2240,7, 3.3944071196
task_parallel,16,2240,7, 10.1791577898
task_parallel_transpose,16,2240,7, 3.6413199641
for_parallel,16,2240,8, 10.2523233406
for_parallel_transpose,16,2240,8, 3.3995252661
task_parallel,16,2240,8, 10.1546612941
task_parallel_transpose,16,2240,8, 3.6465542354
for_parallel,16,2240,9, 10.3645874299
for_parallel_transpose,16,2240,9, 3.4298761785
task_parallel,16,2240,9, 10.0605089515
task_parallel_transpose,16,2240,9, 3.6282740496
for_parallel,16,2240,10, 10.1751365773
for_parallel_transpose,16,2240,10, 3.4547706470
task_parallel,16,2240,10, 10.0554641075
task_parallel_transpose,16,2240,10, 3.6255241409
for_parallel,16,2240,11, 10.2060101405
for_parallel_transpose,16,2240,11, 3.4244493656
task_parallel,16,2240,11, 10.1145640500
task_parallel_transpose,16,2240,11, 3.6114600301
for_parallel,16,2240,12, 10.1512852050
for_parallel_transpose,16,2240,12, 3.4081804380
task_parallel,16,2240,12, 9.9786558934
task_parallel_transpose,16,2240,12, 3.5757621601
for_parallel,16,2240,13, 10.1777509563
for_parallel_transpose,16,2240,13, 3.4139536396
task_parallel,16,2240,13, 10.0010221042
task_parallel_transpose,16,2240,13, 3.6527094357
for_parallel,16,2240,14, 10.2152122669
for_parallel_transpose,16,2240,14, 3.3866330869
task_parallel,16,2240,14, 10.1619218662
task_parallel_transpose,16,2240,14, 3.6273154207
for_parallel,16,2240,15, 10.0677618831
for_parallel_transpose,16,2240,15, 3.4494839944
task_parallel,16,2240,15, 9.9342568666
task_parallel_transpose,16,2240,15, 3.6353975572
for_parallel,32,2240,1, 5.3272798657
for_parallel_transpose,32,2240,1, 1.8332578987
task_parallel,32,2240,1, 5.2171650343
task_parallel_transpose,32,2240,1, 2.1430726722
for_parallel,32,2240,2, 5.2862339355
for_parallel_transpose,32,2240,2, 1.8577011451
task_parallel,32,2240,2, 5.2510993071
task_parallel_transpose,32,2240,2, 2.0546362475
for_parallel,32,2240,3, 5.3083043583
for_parallel_transpose,32,2240,3, 1.8326621242
task_parallel,32,2240,3, 5.2282038704
task_parallel_transpose,32,2240,3, 2.1174135283
for_parallel,32,2240,4, 5.2507092915
for_parallel_transpose,32,2240,4, 1.8011466563
task_parallel,32,2240,4, 5.2409733310
task_parallel_transpose,32,2240,4, 2.0160146318
for_parallel,32,2240,5, 5.3481266536
for_parallel_transpose,32,2240,5, 1.8159665614
task_parallel,32,2240,5, 5.1962303557
task_parallel_transpose,32,2240,5, 2.1090353951
for_parallel,32,2240,6, 5.2805959396
for_parallel_transpose,32,2240,6, 1.8290609233
task_parallel,32,2240,6, 5.3348183967
task_parallel_transpose,32,2240,6, 2.0847573988
for_parallel,32,2240,7, 5.2969958931
for_parallel_transpose,32,2240,7, 1.8251421228
task_parallel,32,2240,7, 5.2799903899
task_parallel_transpose,32,2240,7, 2.0985094793
for_parallel,32,2240,8, 5.5559959784
for_parallel_transpose,32,2240,8, 1.8175263740
task_parallel,32,2240,8, 5.1806006096
task_parallel_transpose,32,2240,8, 2.1503941379
for_parallel,32,2240,9, 5.3307279609
for_parallel_transpose,32,2240,9, 1.8105775453
task_parallel,32,2240,9, 5.2942109630
task_parallel_transpose,32,2240,9, 2.1060599126
for_parallel,32,2240,10, 5.3761717007
for_parallel_transpose,32,2240,10, 1.8228458129
task_parallel,32,2240,10, 5.1542200670
task_parallel_transpose,32,2240,10, 2.0919415951
for_parallel,32,2240,11, 5.1395374797
for_parallel_transpose,32,2240,11, 1.8150864579
task_parallel,32,2240,11, 5.1870421432
task_parallel_transpose,32,2240,11, 2.0579329468
for_parallel,32,2240,12, 5.2430125587
for_parallel_transpose,32,2240,12, 2.1309671663
task_parallel,32,2240,12, 5.1830330454
task_parallel_transpose,32,2240,12, 2.1306479014
for_parallel,32,2240,13, 5.1933420636
for_parallel_transpose,32,2240,13, 1.8638828509
task_parallel,32,2240,13, 5.2348063774
task_parallel_transpose,32,2240,13, 2.0657377541
for_parallel,32,2240,14, 5.2573643811
for_parallel_transpose,32,2240,14, 1.8295241818
task_parallel,32,2240,14, 5.3135242946
task_parallel_transpose,32,2240,14, 2.1341928132
for_parallel,32,2240,15, 5.2032382637
for_parallel_transpose,32,2240,15, 1.8534980528
task_parallel,32,2240,15, 5.2658632025
task_parallel_transpose,32,2240,15, 2.0677226819
