program,cores,problem_size,trial,execution_time
parallel, 4, 1440, 1, 8.0211934040
parallel_transpose, 4, 1440, 1, 3.5468897160
parallel_square_transpose, 4, 1440, 1, 3.4520515390
parallel, 8, 1440, 1, 4.0605991400
parallel_transpose, 8, 1440, 1, 1.7949557680
parallel_square_transpose, 8, 1440, 1, 1.7737154530
parallel, 16, 1440, 1, 2.1205044080
parallel_transpose, 16, 1440, 1, 0.9623738960
parallel_square_transpose, 16, 1440, 1, 0.9506419960
parallel, 32, 1440, 1, 1.1004088290
parallel_transpose, 32, 1440, 1, 0.5278440200
parallel_square_transpose, 32, 1440, 1, 0.5137953170
parallel, 4, 1440, 2, 8.1429001800
parallel_transpose, 4, 1440, 2, 3.5188292030
parallel_square_transpose, 4, 1440, 2, 3.4948810110
parallel, 8, 1440, 2, 3.9625143840
parallel_transpose, 8, 1440, 2, 1.7938245750
parallel_square_transpose, 8, 1440, 2, 1.8135555160
parallel, 16, 1440, 2, 2.0851037410
parallel_transpose, 16, 1440, 2, 0.9622880570
parallel_square_transpose, 16, 1440, 2, 0.9496444290
parallel, 32, 1440, 2, 1.1253103760
parallel_transpose, 32, 1440, 2, 0.5216275780
parallel_square_transpose, 32, 1440, 2, 0.5128583590
parallel, 4, 1440, 3, 7.6730081300
parallel_transpose, 4, 1440, 3, 3.5088862970
parallel_square_transpose, 4, 1440, 3, 3.4829463210
parallel, 8, 1440, 3, 4.0582584110
parallel_transpose, 8, 1440, 3, 1.8098001780
parallel_square_transpose, 8, 1440, 3, 1.7971696930
parallel, 16, 1440, 3, 2.0751411020
parallel_transpose, 16, 1440, 3, 0.9459742110
parallel_square_transpose, 16, 1440, 3, 0.9571143500
parallel, 32, 1440, 3, 1.0898846770
parallel_transpose, 32, 1440, 3, 0.5133899290
parallel_square_transpose, 32, 1440, 3, 0.5180262550
parallel, 4, 1440, 4, 7.7542656470
parallel_transpose, 4, 1440, 4, 3.4879831020
parallel_square_transpose, 4, 1440, 4, 3.4987917150
parallel, 8, 1440, 4, 4.0668852430
parallel_transpose, 8, 1440, 4, 1.8050307280
parallel_square_transpose, 8, 1440, 4, 1.8068696990
parallel, 16, 1440, 4, 2.0820820730
parallel_transpose, 16, 1440, 4, 0.9650488740
parallel_square_transpose, 16, 1440, 4, 0.9522183790
parallel, 32, 1440, 4, 1.0889067350
parallel_transpose, 32, 1440, 4, 0.5256887300
parallel_square_transpose, 32, 1440, 4, 0.5116040780
parallel, 4, 1440, 5, 8.0999442630
parallel_transpose, 4, 1440, 5, 3.4706398630
parallel_square_transpose, 4, 1440, 5, 3.4815228310
parallel, 8, 1440, 5, 4.0735711770
parallel_transpose, 8, 1440, 5, 1.7870134290
parallel_square_transpose, 8, 1440, 5, 1.8116502220
parallel, 16, 1440, 5, 2.0884481580
parallel_transpose, 16, 1440, 5, 0.9626871380
parallel_square_transpose, 16, 1440, 5, 0.9562129760
parallel, 32, 1440, 5, 1.0920956320
parallel_transpose, 32, 1440, 5, 0.5274955460
parallel_square_transpose, 32, 1440, 5, 0.5066782240
parallel, 4, 1440, 6, 7.5258517080
parallel_transpose, 4, 1440, 6, 3.5356817970
parallel_square_transpose, 4, 1440, 6, 3.4719740250
parallel, 8, 1440, 6, 3.8657556050
parallel_transpose, 8, 1440, 6, 1.8383751590
parallel_square_transpose, 8, 1440, 6, 1.8335147480
parallel, 16, 1440, 6, 1.9909052600
parallel_transpose, 16, 1440, 6, 0.9633152230
parallel_square_transpose, 16, 1440, 6, 0.9569320580
parallel, 32, 1440, 6, 1.3698392940
parallel_transpose, 32, 1440, 6, 0.5277491730
parallel_square_transpose, 32, 1440, 6, 0.5113108020
parallel, 4, 1440, 7, 7.8968094400
parallel_transpose, 4, 1440, 7, 3.4769149290
parallel_square_transpose, 4, 1440, 7, 3.4769207920
parallel, 8, 1440, 7, 4.1873971530
parallel_transpose, 8, 1440, 7, 1.8314806140
parallel_square_transpose, 8, 1440, 7, 1.8317546720
parallel, 16, 1440, 7, 1.9955789880
parallel_transpose, 16, 1440, 7, 0.9643235340
parallel_square_transpose, 16, 1440, 7, 0.9347197750
parallel, 32, 1440, 7, 1.0885343230
parallel_transpose, 32, 1440, 7, 0.5212068590
parallel_square_transpose, 32, 1440, 7, 0.5107517560
parallel, 4, 1440, 8, 8.0159227960
parallel_transpose, 4, 1440, 8, 3.5163749350
parallel_square_transpose, 4, 1440, 8, 3.5067381710
parallel, 8, 1440, 8, 4.0497323590
parallel_transpose, 8, 1440, 8, 1.7936254710
parallel_square_transpose, 8, 1440, 8, 1.8117966120
parallel, 16, 1440, 8, 2.0739064670
parallel_transpose, 16, 1440, 8, 0.9398360340
parallel_square_transpose, 16, 1440, 8, 0.9527670440
parallel, 32, 1440, 8, 1.1051357850
parallel_transpose, 32, 1440, 8, 0.5269455670
parallel_square_transpose, 32, 1440, 8, 0.5143691870
parallel, 4, 1440, 9, 7.7079992080
parallel_transpose, 4, 1440, 9, 3.4854493770
parallel_square_transpose, 4, 1440, 9, 3.4728584710
parallel, 8, 1440, 9, 3.9738840740
parallel_transpose, 8, 1440, 9, 1.7894343080
parallel_square_transpose, 8, 1440, 9, 1.7974203740
parallel, 16, 1440, 9, 2.0758179900
parallel_transpose, 16, 1440, 9, 0.9458384840
parallel_square_transpose, 16, 1440, 9, 0.9405948190
parallel, 32, 1440, 9, 1.0889836480
parallel_transpose, 32, 1440, 9, 0.5285857430
parallel_square_transpose, 32, 1440, 9, 0.5181447090
parallel, 4, 1440, 10, 7.7891136060
parallel_transpose, 4, 1440, 10, 3.5157290540
parallel_square_transpose, 4, 1440, 10, 3.5444672140
parallel, 8, 1440, 10, 4.0775856060
parallel_transpose, 8, 1440, 10, 1.7893729200
parallel_square_transpose, 8, 1440, 10, 1.8013808430
parallel, 16, 1440, 10, 2.0890623050
parallel_transpose, 16, 1440, 10, 0.9691674720
parallel_square_transpose, 16, 1440, 10, 0.9514390880
parallel, 32, 1440, 10, 1.0642336030
parallel_transpose, 32, 1440, 10, 0.5269454630
parallel_square_transpose, 32, 1440, 10, 0.5121949240
parallel, 4, 1440, 11, 8.0046136960
parallel_transpose, 4, 1440, 11, 3.4664620000
parallel_square_transpose, 4, 1440, 11, 3.4516102020
parallel, 8, 1440, 11, 3.9291377660
parallel_transpose, 8, 1440, 11, 1.8061824320
parallel_square_transpose, 8, 1440, 11, 1.7837430090
parallel, 16, 1440, 11, 1.9895615870
parallel_transpose, 16, 1440, 11, 0.9593092750
parallel_square_transpose, 16, 1440, 11, 0.9261656120
parallel, 32, 1440, 11, 1.0849345580
parallel_transpose, 32, 1440, 11, 0.5190987550
parallel_square_transpose, 32, 1440, 11, 0.5114033800
parallel, 4, 1440, 12, 7.6702261400
parallel_transpose, 4, 1440, 12, 3.4780312740
parallel_square_transpose, 4, 1440, 12, 3.4756628410
parallel, 8, 1440, 12, 4.0626000970
parallel_transpose, 8, 1440, 12, 1.8046472690
parallel_square_transpose, 8, 1440, 12, 1.7854648220
parallel, 16, 1440, 12, 2.0628708960
parallel_transpose, 16, 1440, 12, 0.9535286600
parallel_square_transpose, 16, 1440, 12, 0.9514739180
parallel, 32, 1440, 12, 1.0989663870
parallel_transpose, 32, 1440, 12, 0.5190364800
parallel_square_transpose, 32, 1440, 12, 0.5150831040
parallel, 4, 1440, 13, 8.0164458070
parallel_transpose, 4, 1440, 13, 3.4894472830
parallel_square_transpose, 4, 1440, 13, 3.5052896150
parallel, 8, 1440, 13, 4.1087526050
parallel_transpose, 8, 1440, 13, 1.8215958640
parallel_square_transpose, 8, 1440, 13, 1.8220056500
parallel, 16, 1440, 13, 2.1047800190
parallel_transpose, 16, 1440, 13, 0.9567653100
parallel_square_transpose, 16, 1440, 13, 0.9317041780
parallel, 32, 1440, 13, 1.0795766840
parallel_transpose, 32, 1440, 13, 0.5181688740
parallel_square_transpose, 32, 1440, 13, 0.5174110680
parallel, 4, 1440, 14, 7.5978744640
parallel_transpose, 4, 1440, 14, 3.5599630190
parallel_square_transpose, 4, 1440, 14, 3.4915443230
parallel, 8, 1440, 14, 4.0656883600
parallel_transpose, 8, 1440, 14, 1.8259714380
parallel_square_transpose, 8, 1440, 14, 1.8153037840
parallel, 16, 1440, 14, 2.0679077640
parallel_transpose, 16, 1440, 14, 0.9628454770
parallel_square_transpose, 16, 1440, 14, 0.9351899780
parallel, 32, 1440, 14, 1.0405276000
parallel_transpose, 32, 1440, 14, 0.5251640830
parallel_square_transpose, 32, 1440, 14, 0.5177498290
parallel, 4, 1440, 15, 7.7359963020
parallel_transpose, 4, 1440, 15, 3.5072444170
parallel_square_transpose, 4, 1440, 15, 3.4565116940
parallel, 8, 1440, 15, 4.0908073920
parallel_transpose, 8, 1440, 15, 1.8327154090
parallel_square_transpose, 8, 1440, 15, 1.7995468950
parallel, 16, 1440, 15, 2.0803096360
parallel_transpose, 16, 1440, 15, 0.9561554140
parallel_square_transpose, 16, 1440, 15, 0.9287254050
parallel, 32, 1440, 15, 1.0873794010
parallel_transpose, 32, 1440, 15, 0.5247531260
parallel_square_transpose, 32, 1440, 15, 0.5176900830
parallel, 4, 1600, 1, 11.2666968350
parallel_transpose, 4, 1600, 1, 4.7374526730
parallel_square_transpose, 4, 1600, 1, 4.7118220260
parallel, 8, 1600, 1, 5.7324898930
parallel_transpose, 8, 1600, 1, 2.4472945290
parallel_square_transpose, 8, 1600, 1, 2.4100553330
parallel, 16, 1600, 1, 2.9154807610
parallel_transpose, 16, 1600, 1, 1.3058195780
parallel_square_transpose, 16, 1600, 1, 1.2957691220
parallel, 32, 1600, 1, 1.5334390150
parallel_transpose, 32, 1600, 1, 0.7117439470
parallel_square_transpose, 32, 1600, 1, 0.7027217160
parallel, 4, 1600, 2, 11.2851593330
parallel_transpose, 4, 1600, 2, 4.7861785130
parallel_square_transpose, 4, 1600, 2, 4.7457365660
parallel, 8, 1600, 2, 5.6837959530
parallel_transpose, 8, 1600, 2, 2.4388258040
parallel_square_transpose, 8, 1600, 2, 2.4504311360
parallel, 16, 1600, 2, 2.9813534590
parallel_transpose, 16, 1600, 2, 1.2924072710
parallel_square_transpose, 16, 1600, 2, 1.2978556290
parallel, 32, 1600, 2, 1.5369375070
parallel_transpose, 32, 1600, 2, 0.7059425060
parallel_square_transpose, 32, 1600, 2, 0.6991198160
parallel, 4, 1600, 3, 11.2491812440
parallel_transpose, 4, 1600, 3, 4.7338999730
parallel_square_transpose, 4, 1600, 3, 4.7757500630
parallel, 8, 1600, 3, 5.7102149990
parallel_transpose, 8, 1600, 3, 2.4741615870
parallel_square_transpose, 8, 1600, 3, 2.4243070400
parallel, 16, 1600, 3, 2.9154769900
parallel_transpose, 16, 1600, 3, 1.2862073130
parallel_square_transpose, 16, 1600, 3, 1.2943530190
parallel, 32, 1600, 3, 1.5382728410
parallel_transpose, 32, 1600, 3, 0.6818995360
parallel_square_transpose, 32, 1600, 3, 0.6912626380
parallel, 4, 1600, 4, 11.1551768630
parallel_transpose, 4, 1600, 4, 4.7931851120
parallel_square_transpose, 4, 1600, 4, 4.7338435010
parallel, 8, 1600, 4, 5.7668901690
parallel_transpose, 8, 1600, 4, 2.4671211180
parallel_square_transpose, 8, 1600, 4, 2.4302927390
parallel, 16, 1600, 4, 2.9106004940
parallel_transpose, 16, 1600, 4, 1.3071993850
parallel_square_transpose, 16, 1600, 4, 1.2678457410
parallel, 32, 1600, 4, 1.5138636510
parallel_transpose, 32, 1600, 4, 0.8375787460
parallel_square_transpose, 32, 1600, 4, 0.6992277370
parallel, 4, 1600, 5, 11.2433426540
parallel_transpose, 4, 1600, 5, 4.7457192470
parallel_square_transpose, 4, 1600, 5, 4.7441642440
parallel, 8, 1600, 5, 5.7880173530
parallel_transpose, 8, 1600, 5, 2.4256757170
parallel_square_transpose, 8, 1600, 5, 2.4568088380
parallel, 16, 1600, 5, 2.9089827200
parallel_transpose, 16, 1600, 5, 1.3065093850
parallel_square_transpose, 16, 1600, 5, 1.2924044130
parallel, 32, 1600, 5, 1.5347309930
parallel_transpose, 32, 1600, 5, 0.7054247400
parallel_square_transpose, 32, 1600, 5, 0.6902685780
parallel, 4, 1600, 6, 10.8207484860
parallel_transpose, 4, 1600, 6, 4.7928816920
parallel_square_transpose, 4, 1600, 6, 4.7446746600
parallel, 8, 1600, 6, 5.8095812920
parallel_transpose, 8, 1600, 6, 2.4700287880
parallel_square_transpose, 8, 1600, 6, 2.4030243220
parallel, 16, 1600, 6, 2.9266915980
parallel_transpose, 16, 1600, 6, 1.3068993310
parallel_square_transpose, 16, 1600, 6, 1.2631112650
parallel, 32, 1600, 6, 1.5118272550
parallel_transpose, 32, 1600, 6, 0.6994964320
parallel_square_transpose, 32, 1600, 6, 0.6754200300
parallel, 4, 1600, 7, 10.9713457130
parallel_transpose, 4, 1600, 7, 4.7695473980
parallel_square_transpose, 4, 1600, 7, 4.7701398130
parallel, 8, 1600, 7, 5.7140673770
parallel_transpose, 8, 1600, 7, 2.4335459120
parallel_square_transpose, 8, 1600, 7, 2.4601874700
parallel, 16, 1600, 7, 2.8977926390
parallel_transpose, 16, 1600, 7, 1.2682076620
parallel_square_transpose, 16, 1600, 7, 1.2661709500
parallel, 32, 1600, 7, 1.5382716060
parallel_transpose, 32, 1600, 7, 0.7006154230
parallel_square_transpose, 32, 1600, 7, 0.6791152200
parallel, 4, 1600, 8, 11.3469848580
parallel_transpose, 4, 1600, 8, 4.7633278880
parallel_square_transpose, 4, 1600, 8, 4.8136444500
parallel, 8, 1600, 8, 5.8125308660
parallel_transpose, 8, 1600, 8, 2.4658179580
parallel_square_transpose, 8, 1600, 8, 2.4452759820
parallel, 16, 1600, 8, 3.1419705690
parallel_transpose, 16, 1600, 8, 1.2815756780
parallel_square_transpose, 16, 1600, 8, 1.2892700570
parallel, 32, 1600, 8, 1.5542251540
parallel_transpose, 32, 1600, 8, 0.7030607030
parallel_square_transpose, 32, 1600, 8, 0.6994290980
parallel, 4, 1600, 9, 11.3145095050
parallel_transpose, 4, 1600, 9, 4.7838813500
parallel_square_transpose, 4, 1600, 9, 4.7272331360
parallel, 8, 1600, 9, 5.7040513910
parallel_transpose, 8, 1600, 9, 2.4247582880
parallel_square_transpose, 8, 1600, 9, 2.4600429350
parallel, 16, 1600, 9, 2.9129814960
parallel_transpose, 16, 1600, 9, 1.3083722240
parallel_square_transpose, 16, 1600, 9, 1.2615023300
parallel, 32, 1600, 9, 1.5067666510
parallel_transpose, 32, 1600, 9, 0.7078107710
parallel_square_transpose, 32, 1600, 9, 0.6702673710
parallel, 4, 1600, 10, 11.2730898830
parallel_transpose, 4, 1600, 10, 4.7960187020
parallel_square_transpose, 4, 1600, 10, 4.7545933570
parallel, 8, 1600, 10, 5.6702341540
parallel_transpose, 8, 1600, 10, 2.4188004990
parallel_square_transpose, 8, 1600, 10, 2.4566068890
parallel, 16, 1600, 10, 2.9209837410
parallel_transpose, 16, 1600, 10, 1.3070216530
parallel_square_transpose, 16, 1600, 10, 1.2964831160
parallel, 32, 1600, 10, 1.5102023590
parallel_transpose, 32, 1600, 10, 0.6886827050
parallel_square_transpose, 32, 1600, 10, 0.6999728520
parallel, 4, 1600, 11, 11.2011630590
parallel_transpose, 4, 1600, 11, 4.7988410730
parallel_square_transpose, 4, 1600, 11, 4.8140040760
parallel, 8, 1600, 11, 5.6929779690
parallel_transpose, 8, 1600, 11, 2.4362582290
parallel_square_transpose, 8, 1600, 11, 2.4085417560
parallel, 16, 1600, 11, 2.9452041630
parallel_transpose, 16, 1600, 11, 1.2857919870
parallel_square_transpose, 16, 1600, 11, 1.2666759120
parallel, 32, 1600, 11, 1.5303909350
parallel_transpose, 32, 1600, 11, 1.0244853580
parallel_square_transpose, 32, 1600, 11, 0.6984519920
parallel, 4, 1600, 12, 11.3061107650
parallel_transpose, 4, 1600, 12, 4.7859121380
parallel_square_transpose, 4, 1600, 12, 4.7723373170
parallel, 8, 1600, 12, 5.7906591140
parallel_transpose, 8, 1600, 12, 2.4516918350
parallel_square_transpose, 8, 1600, 12, 2.4454698130
parallel, 16, 1600, 12, 2.9142496870
parallel_transpose, 16, 1600, 12, 1.2779718840
parallel_square_transpose, 16, 1600, 12, 1.2815997100
parallel, 32, 1600, 12, 1.5198241580
parallel_transpose, 32, 1600, 12, 0.7106998810
parallel_square_transpose, 32, 1600, 12, 0.6751021920
parallel, 4, 1600, 13, 11.2457596280
parallel_transpose, 4, 1600, 13, 4.7553578430
parallel_square_transpose, 4, 1600, 13, 4.7702194310
parallel, 8, 1600, 13, 5.9366321250
parallel_transpose, 8, 1600, 13, 2.4315923320
parallel_square_transpose, 8, 1600, 13, 2.4639698630
parallel, 16, 1600, 13, 2.9186056100
parallel_transpose, 16, 1600, 13, 1.3000399340
parallel_square_transpose, 16, 1600, 13, 1.3007142930
parallel, 32, 1600, 13, 1.5134189890
parallel_transpose, 32, 1600, 13, 0.7084878600
parallel_square_transpose, 32, 1600, 13, 0.6982882590
parallel, 4, 1600, 14, 11.6078797840
parallel_transpose, 4, 1600, 14, 4.7663940550
parallel_square_transpose, 4, 1600, 14, 4.7570156330
parallel, 8, 1600, 14, 5.7542214300
parallel_transpose, 8, 1600, 14, 2.4441880070
parallel_square_transpose, 8, 1600, 14, 2.4799749520
parallel, 16, 1600, 14, 3.0207925310
parallel_transpose, 16, 1600, 14, 1.3080580250
parallel_square_transpose, 16, 1600, 14, 1.2639659600
parallel, 32, 1600, 14, 1.5104459520
parallel_transpose, 32, 1600, 14, 0.7072413770
parallel_square_transpose, 32, 1600, 14, 0.6990769030
parallel, 4, 1600, 15, 11.1038765520
parallel_transpose, 4, 1600, 15, 4.7331520560
parallel_square_transpose, 4, 1600, 15, 4.7441649450
parallel, 8, 1600, 15, 5.6843583190
parallel_transpose, 8, 1600, 15, 2.4593793580
parallel_square_transpose, 8, 1600, 15, 2.4038862180
parallel, 16, 1600, 15, 2.9363639360
parallel_transpose, 16, 1600, 15, 1.3065913940
parallel_square_transpose, 16, 1600, 15, 1.2654400760
parallel, 32, 1600, 15, 1.5067204780
parallel_transpose, 32, 1600, 15, 0.7131683940
parallel_square_transpose, 32, 1600, 15, 0.6903935080
parallel, 4, 1760, 1, 14.4109123740
parallel_transpose, 4, 1760, 1, 6.2981109590
parallel_square_transpose, 4, 1760, 1, 6.2873481670
parallel, 8, 1760, 1, 7.8658061030
parallel_transpose, 8, 1760, 1, 3.2545258550
parallel_square_transpose, 8, 1760, 1, 3.2085255000
parallel, 16, 1760, 1, 4.0886385380
parallel_transpose, 16, 1760, 1, 1.6787220570
parallel_square_transpose, 16, 1760, 1, 1.6927389200
parallel, 32, 1760, 1, 2.0503170280
parallel_transpose, 32, 1760, 1, 0.9034306100
parallel_square_transpose, 32, 1760, 1, 0.9188584480
parallel, 4, 1760, 2, 15.4160270780
parallel_transpose, 4, 1760, 2, 6.2743074140
parallel_square_transpose, 4, 1760, 2, 6.3532019720
parallel, 8, 1760, 2, 7.9541737140
parallel_transpose, 8, 1760, 2, 3.2344857290
parallel_square_transpose, 8, 1760, 2, 3.2541455230
parallel, 16, 1760, 2, 3.9464456030
parallel_transpose, 16, 1760, 2, 1.6771471650
parallel_square_transpose, 16, 1760, 2, 1.7165383790
parallel, 32, 1760, 2, 2.1082645630
parallel_transpose, 32, 1760, 2, 0.9234464290
parallel_square_transpose, 32, 1760, 2, 0.8959572390
parallel, 4, 1760, 3, 13.7197202280
parallel_transpose, 4, 1760, 3, 6.3010819790
parallel_square_transpose, 4, 1760, 3, 6.3223333840
parallel, 8, 1760, 3, 8.1527492080
parallel_transpose, 8, 1760, 3, 3.2410670610
parallel_square_transpose, 8, 1760, 3, 3.1954843190
parallel, 16, 1760, 3, 4.0987664430
parallel_transpose, 16, 1760, 3, 1.6881848380
parallel_square_transpose, 16, 1760, 3, 1.6794850890
parallel, 32, 1760, 3, 2.1157667250
parallel_transpose, 32, 1760, 3, 0.9076568230
parallel_square_transpose, 32, 1760, 3, 0.9069289050
parallel, 4, 1760, 4, 15.4747087950
parallel_transpose, 4, 1760, 4, 6.2908827320
parallel_square_transpose, 4, 1760, 4, 6.3118023190
parallel, 8, 1760, 4, 7.7944698410
parallel_transpose, 8, 1760, 4, 3.2745744550
parallel_square_transpose, 8, 1760, 4, 3.1895814230
parallel, 16, 1760, 4, 4.0413907390
parallel_transpose, 16, 1760, 4, 1.6854766720
parallel_square_transpose, 16, 1760, 4, 1.6636410840
parallel, 32, 1760, 4, 2.1003124460
parallel_transpose, 32, 1760, 4, 0.9133743890
parallel_square_transpose, 32, 1760, 4, 0.9062056950
parallel, 4, 1760, 5, 15.5316035460
parallel_transpose, 4, 1760, 5, 6.2960644070
parallel_square_transpose, 4, 1760, 5, 6.3226585580
parallel, 8, 1760, 5, 7.8824223490
parallel_transpose, 8, 1760, 5, 3.2166442370
parallel_square_transpose, 8, 1760, 5, 3.1903162270
parallel, 16, 1760, 5, 3.9777062250
parallel_transpose, 16, 1760, 5, 1.6998793420
parallel_square_transpose, 16, 1760, 5, 1.6783704720
parallel, 32, 1760, 5, 2.1039981160
parallel_transpose, 32, 1760, 5, 0.9140181060
parallel_square_transpose, 32, 1760, 5, 0.9155697240
parallel, 4, 1760, 6, 13.5135667810
parallel_transpose, 4, 1760, 6, 6.3990846690
parallel_square_transpose, 4, 1760, 6, 6.3707627110
parallel, 8, 1760, 6, 7.8782093350
parallel_transpose, 8, 1760, 6, 3.2507852370
parallel_square_transpose, 8, 1760, 6, 3.2219877280
parallel, 16, 1760, 6, 4.0598479050
parallel_transpose, 16, 1760, 6, 1.7249323810
parallel_square_transpose, 16, 1760, 6, 1.7148729810
parallel, 32, 1760, 6, 2.0387566090
parallel_transpose, 32, 1760, 6, 0.9168196710
parallel_square_transpose, 32, 1760, 6, 0.9168268010
parallel, 4, 1760, 7, 14.7062105500
parallel_transpose, 4, 1760, 7, 6.2926986650
parallel_square_transpose, 4, 1760, 7, 6.3053997570
parallel, 8, 1760, 7, 7.9993675990
parallel_transpose, 8, 1760, 7, 3.2308767080
parallel_square_transpose, 8, 1760, 7, 3.2380174870
parallel, 16, 1760, 7, 3.9616741380
parallel_transpose, 16, 1760, 7, 1.7195015150
parallel_square_transpose, 16, 1760, 7, 1.7129347980
parallel, 32, 1760, 7, 2.0433589070
parallel_transpose, 32, 1760, 7, 0.9254800060
parallel_square_transpose, 32, 1760, 7, 0.9164475940
parallel, 4, 1760, 8, 14.2278258610
parallel_transpose, 4, 1760, 8, 6.3388884970
parallel_square_transpose, 4, 1760, 8, 6.3574730090
parallel, 8, 1760, 8, 7.9154795640
parallel_transpose, 8, 1760, 8, 3.2571654890
parallel_square_transpose, 8, 1760, 8, 3.2067749270
parallel, 16, 1760, 8, 3.9735027470
parallel_transpose, 16, 1760, 8, 1.6753470520
parallel_square_transpose, 16, 1760, 8, 1.7134174070
parallel, 32, 1760, 8, 2.0827624990
parallel_transpose, 32, 1760, 8, 0.9178763040
parallel_square_transpose, 32, 1760, 8, 0.9079113420
parallel, 4, 1760, 9, 15.6030108260
parallel_transpose, 4, 1760, 9, 6.3755670000
parallel_square_transpose, 4, 1760, 9, 6.3530794160
parallel, 8, 1760, 9, 7.8282904650
parallel_transpose, 8, 1760, 9, 3.2423182850
parallel_square_transpose, 8, 1760, 9, 3.2347095450
parallel, 16, 1760, 9, 4.0198702500
parallel_transpose, 16, 1760, 9, 1.6848035320
parallel_square_transpose, 16, 1760, 9, 1.6748530580
parallel, 32, 1760, 9, 2.0454607640
parallel_transpose, 32, 1760, 9, 0.9183491030
parallel_square_transpose, 32, 1760, 9, 0.9073456950
parallel, 4, 1760, 10, 15.6855213500
parallel_transpose, 4, 1760, 10, 6.3785214770
parallel_square_transpose, 4, 1760, 10, 6.3553365450
parallel, 8, 1760, 10, 7.9471743950
parallel_transpose, 8, 1760, 10, 3.2716931560
parallel_square_transpose, 8, 1760, 10, 3.2525313610
parallel, 16, 1760, 10, 4.0025360620
parallel_transpose, 16, 1760, 10, 1.6932036700
parallel_square_transpose, 16, 1760, 10, 1.6820090050
parallel, 32, 1760, 10, 2.6652602480
parallel_transpose, 32, 1760, 10, 0.9339532090
parallel_square_transpose, 32, 1760, 10, 0.9118846080
parallel, 4, 1760, 11, 15.6027262680
parallel_transpose, 4, 1760, 11, 6.3843646400
parallel_square_transpose, 4, 1760, 11, 6.3509245630
parallel, 8, 1760, 11, 7.9347064700
parallel_transpose, 8, 1760, 11, 3.2440462510
parallel_square_transpose, 8, 1760, 11, 3.2286996030
parallel, 16, 1760, 11, 4.0073576440
parallel_transpose, 16, 1760, 11, 1.6767622620
parallel_square_transpose, 16, 1760, 11, 1.6793222170
parallel, 32, 1760, 11, 2.0259780560
parallel_transpose, 32, 1760, 11, 0.9181999510
parallel_square_transpose, 32, 1760, 11, 0.9079124160
parallel, 4, 1760, 12, 15.7092166200
parallel_transpose, 4, 1760, 12, 6.3291714970
parallel_square_transpose, 4, 1760, 12, 6.3503097370
parallel, 8, 1760, 12, 8.0061909290
parallel_transpose, 8, 1760, 12, 3.2546943030
parallel_square_transpose, 8, 1760, 12, 3.2407032540
parallel, 16, 1760, 12, 3.9845671760
parallel_transpose, 16, 1760, 12, 1.7241612130
parallel_square_transpose, 16, 1760, 12, 1.7104732570
parallel, 32, 1760, 12, 2.0544635510
parallel_transpose, 32, 1760, 12, 0.9223475200
parallel_square_transpose, 32, 1760, 12, 0.9171486260
parallel, 4, 1760, 13, 15.9238393640
parallel_transpose, 4, 1760, 13, 6.3718472950
parallel_square_transpose, 4, 1760, 13, 6.3217230640
parallel, 8, 1760, 13, 7.9729736640
parallel_transpose, 8, 1760, 13, 3.2579022090
parallel_square_transpose, 8, 1760, 13, 3.2393046670
parallel, 16, 1760, 13, 4.0329861640
parallel_transpose, 16, 1760, 13, 1.6738913650
parallel_square_transpose, 16, 1760, 13, 1.6684261640
parallel, 32, 1760, 13, 2.0513545230
parallel_transpose, 32, 1760, 13, 1.1308611250
parallel_square_transpose, 32, 1760, 13, 0.9119796680
parallel, 4, 1760, 14, 15.1071092270
parallel_transpose, 4, 1760, 14, 6.2804355330
parallel_square_transpose, 4, 1760, 14, 6.3285357040
parallel, 8, 1760, 14, 8.0517621470
parallel_transpose, 8, 1760, 14, 3.2491808490
parallel_square_transpose, 8, 1760, 14, 3.2268465120
parallel, 16, 1760, 14, 4.0246460030
parallel_transpose, 16, 1760, 14, 1.7085684230
parallel_square_transpose, 16, 1760, 14, 1.7099353420
parallel, 32, 1760, 14, 2.1050684120
parallel_transpose, 32, 1760, 14, 0.9139547030
parallel_square_transpose, 32, 1760, 14, 0.9078352220
parallel, 4, 1760, 15, 15.5063776860
parallel_transpose, 4, 1760, 15, 6.3183628450
parallel_square_transpose, 4, 1760, 15, 6.2571472760
parallel, 8, 1760, 15, 8.0044886660
parallel_transpose, 8, 1760, 15, 3.2408956970
parallel_square_transpose, 8, 1760, 15, 3.2445388060
parallel, 16, 1760, 15, 3.9732438790
parallel_transpose, 16, 1760, 15, 1.7264767800
parallel_square_transpose, 16, 1760, 15, 1.7104975320
parallel, 32, 1760, 15, 2.0767783370
parallel_transpose, 32, 1760, 15, 0.9138615980
parallel_square_transpose, 32, 1760, 15, 0.9155161770
parallel, 4, 1920, 1, 21.2973463740
parallel_transpose, 4, 1920, 1, 8.1140485060
parallel_square_transpose, 4, 1920, 1, 8.1705856600
parallel, 8, 1920, 1, 10.6064631390
parallel_transpose, 8, 1920, 1, 4.1802580020
parallel_square_transpose, 8, 1920, 1, 4.1932673550
parallel, 16, 1920, 1, 5.3176254520
parallel_transpose, 16, 1920, 1, 2.1871241440
parallel_square_transpose, 16, 1920, 1, 2.1761842730
parallel, 32, 1920, 1, 2.8059045610
parallel_transpose, 32, 1920, 1, 1.1887932350
parallel_square_transpose, 32, 1920, 1, 1.1494939560
parallel, 4, 1920, 2, 21.3959395510
parallel_transpose, 4, 1920, 2, 8.1266529650
parallel_square_transpose, 4, 1920, 2, 8.0942690390
parallel, 8, 1920, 2, 10.6987719680
parallel_transpose, 8, 1920, 2, 4.1975499390
parallel_square_transpose, 8, 1920, 2, 4.1877990440
parallel, 16, 1920, 2, 5.7354556140
parallel_transpose, 16, 1920, 2, 2.1995075550
parallel_square_transpose, 16, 1920, 2, 2.1504248450
parallel, 32, 1920, 2, 2.7808347860
parallel_transpose, 32, 1920, 2, 1.1870016510
parallel_square_transpose, 32, 1920, 2, 1.1535509770
parallel, 4, 1920, 3, 20.5095553940
parallel_transpose, 4, 1920, 3, 8.2448809880
parallel_square_transpose, 4, 1920, 3, 8.2563611440
parallel, 8, 1920, 3, 10.7761384220
parallel_transpose, 8, 1920, 3, 4.1999556370
parallel_square_transpose, 8, 1920, 3, 4.2828299730
parallel, 16, 1920, 3, 5.4484726980
parallel_transpose, 16, 1920, 3, 2.2166925340
parallel_square_transpose, 16, 1920, 3, 2.1738620740
parallel, 32, 1920, 3, 2.7658186870
parallel_transpose, 32, 1920, 3, 1.1885410880
parallel_square_transpose, 32, 1920, 3, 1.1352047900
parallel, 4, 1920, 4, 21.1347406150
parallel_transpose, 4, 1920, 4, 8.2751555670
parallel_square_transpose, 4, 1920, 4, 8.2567401950
parallel, 8, 1920, 4, 10.8110321710
parallel_transpose, 8, 1920, 4, 4.2125016850
parallel_square_transpose, 8, 1920, 4, 4.1802786030
parallel, 16, 1920, 4, 5.4917542460
parallel_transpose, 16, 1920, 4, 2.2223041910
parallel_square_transpose, 16, 1920, 4, 2.1658329540
parallel, 32, 1920, 4, 2.7523354440
parallel_transpose, 32, 1920, 4, 1.1868246410
parallel_square_transpose, 32, 1920, 4, 1.1669332680
parallel, 4, 1920, 5, 21.0703357720
parallel_transpose, 4, 1920, 5, 8.2557438120
parallel_square_transpose, 4, 1920, 5, 8.2299341940
parallel, 8, 1920, 5, 10.9163430190
parallel_transpose, 8, 1920, 5, 4.1952557310
parallel_square_transpose, 8, 1920, 5, 4.1959640070
parallel, 16, 1920, 5, 5.4016696170
parallel_transpose, 16, 1920, 5, 2.1593108330
parallel_square_transpose, 16, 1920, 5, 2.1828241570
parallel, 32, 1920, 5, 2.9147326450
parallel_transpose, 32, 1920, 5, 1.1513482500
parallel_square_transpose, 32, 1920, 5, 1.1681358890
parallel, 4, 1920, 6, 20.9655915800
parallel_transpose, 4, 1920, 6, 8.2648208600
parallel_square_transpose, 4, 1920, 6, 8.2445624960
parallel, 8, 1920, 6, 10.8410688460
parallel_transpose, 8, 1920, 6, 4.1957471530
parallel_square_transpose, 8, 1920, 6, 4.1854078930
parallel, 16, 1920, 6, 5.4077503580
parallel_transpose, 16, 1920, 6, 2.2078840290
parallel_square_transpose, 16, 1920, 6, 2.1608338030
parallel, 32, 1920, 6, 2.7707751360
parallel_transpose, 32, 1920, 6, 1.1793694880
parallel_square_transpose, 32, 1920, 6, 1.1327931440
parallel, 4, 1920, 7, 20.5014800700
parallel_transpose, 4, 1920, 7, 8.2662263800
parallel_square_transpose, 4, 1920, 7, 8.2487680000
parallel, 8, 1920, 7, 10.8064533810
parallel_transpose, 8, 1920, 7, 4.2022768510
parallel_square_transpose, 8, 1920, 7, 4.1934454840
parallel, 16, 1920, 7, 5.4049248960
parallel_transpose, 16, 1920, 7, 2.2205576170
parallel_square_transpose, 16, 1920, 7, 2.1600787290
parallel, 32, 1920, 7, 2.7592763740
parallel_transpose, 32, 1920, 7, 1.1815656630
parallel_square_transpose, 32, 1920, 7, 1.1770315900
parallel, 4, 1920, 8, 20.7428259630
parallel_transpose, 4, 1920, 8, 8.2422680200
parallel_square_transpose, 4, 1920, 8, 8.1838483780
parallel, 8, 1920, 8, 10.6196186800
parallel_transpose, 8, 1920, 8, 4.2010421350
parallel_square_transpose, 8, 1920, 8, 4.1989274800
parallel, 16, 1920, 8, 5.4318349730
parallel_transpose, 16, 1920, 8, 2.1921319300
parallel_square_transpose, 16, 1920, 8, 2.2051318020
parallel, 32, 1920, 8, 2.8021369320
parallel_transpose, 32, 1920, 8, 1.1755779690
parallel_square_transpose, 32, 1920, 8, 1.1419525810
parallel, 4, 1920, 9, 21.2100538830
parallel_transpose, 4, 1920, 9, 8.2515190240
parallel_square_transpose, 4, 1920, 9, 8.2190856000
parallel, 8, 1920, 9, 10.7874158190
parallel_transpose, 8, 1920, 9, 4.1869318000
parallel_square_transpose, 8, 1920, 9, 4.2436360110
parallel, 16, 1920, 9, 5.4654484680
parallel_transpose, 16, 1920, 9, 2.1989305820
parallel_square_transpose, 16, 1920, 9, 2.1598310020
parallel, 32, 1920, 9, 2.8361246050
parallel_transpose, 32, 1920, 9, 1.1479403760
parallel_square_transpose, 32, 1920, 9, 1.1594744360
parallel, 4, 1920, 10, 21.3834517210
parallel_transpose, 4, 1920, 10, 8.2669881750
parallel_square_transpose, 4, 1920, 10, 8.2474555250
parallel, 8, 1920, 10, 10.8063933470
parallel_transpose, 8, 1920, 10, 4.1929333820
parallel_square_transpose, 8, 1920, 10, 4.1893306770
parallel, 16, 1920, 10, 5.3993875190
parallel_transpose, 16, 1920, 10, 2.1699388670
parallel_square_transpose, 16, 1920, 10, 2.2104266460
parallel, 32, 1920, 10, 2.7833749940
parallel_transpose, 32, 1920, 10, 1.1600050980
parallel_square_transpose, 32, 1920, 10, 1.1688095520
parallel, 4, 1920, 11, 20.4946012420
parallel_transpose, 4, 1920, 11, 8.2759513970
parallel_square_transpose, 4, 1920, 11, 8.2586087230
parallel, 8, 1920, 11, 10.8487286150
parallel_transpose, 8, 1920, 11, 4.2036950230
parallel_square_transpose, 8, 1920, 11, 4.1974014810
parallel, 16, 1920, 11, 5.4326123740
parallel_transpose, 16, 1920, 11, 2.2112400860
parallel_square_transpose, 16, 1920, 11, 2.1644967670
parallel, 32, 1920, 11, 2.8344549100
parallel_transpose, 32, 1920, 11, 1.1597279480
parallel_square_transpose, 32, 1920, 11, 1.1773442770
parallel, 4, 1920, 12, 20.6287847240
parallel_transpose, 4, 1920, 12, 8.2680573250
parallel_square_transpose, 4, 1920, 12, 8.2469768100
parallel, 8, 1920, 12, 10.9509801350
parallel_transpose, 8, 1920, 12, 4.1988394670
parallel_square_transpose, 8, 1920, 12, 4.1785618210
parallel, 16, 1920, 12, 5.3496576270
parallel_transpose, 16, 1920, 12, 2.1744243390
parallel_square_transpose, 16, 1920, 12, 2.1668502490
parallel, 32, 1920, 12, 2.7679883760
parallel_transpose, 32, 1920, 12, 1.1825672070
parallel_square_transpose, 32, 1920, 12, 1.1724203490
parallel, 4, 1920, 13, 21.2330162590
parallel_transpose, 4, 1920, 13, 8.2745252460
parallel_square_transpose, 4, 1920, 13, 8.2637442890
parallel, 8, 1920, 13, 10.7064890720
parallel_transpose, 8, 1920, 13, 4.1763097220
parallel_square_transpose, 8, 1920, 13, 4.1720217870
parallel, 16, 1920, 13, 5.3717963410
parallel_transpose, 16, 1920, 13, 2.1736329160
parallel_square_transpose, 16, 1920, 13, 2.1610581020
parallel, 32, 1920, 13, 2.8481029620
parallel_transpose, 32, 1920, 13, 1.1694862460
parallel_square_transpose, 32, 1920, 13, 1.1679984680
parallel, 4, 1920, 14, 21.3180443370
parallel_transpose, 4, 1920, 14, 8.2555104080
parallel_square_transpose, 4, 1920, 14, 8.2368282150
parallel, 8, 1920, 14, 10.6580637500
parallel_transpose, 8, 1920, 14, 4.1984398130
parallel_square_transpose, 8, 1920, 14, 4.1899561820
parallel, 16, 1920, 14, 5.3509796580
parallel_transpose, 16, 1920, 14, 2.2040120520
parallel_square_transpose, 16, 1920, 14, 2.1556664720
parallel, 32, 1920, 14, 2.8326545840
parallel_transpose, 32, 1920, 14, 1.1832419560
parallel_square_transpose, 32, 1920, 14, 1.1622968330
parallel, 4, 1920, 15, 20.8114387490
parallel_transpose, 4, 1920, 15, 8.2720188370
parallel_square_transpose, 4, 1920, 15, 8.2315699350
parallel, 8, 1920, 15, 10.8524527340
parallel_transpose, 8, 1920, 15, 4.1982559820
parallel_square_transpose, 8, 1920, 15, 4.1960654190
parallel, 16, 1920, 15, 5.4653232930
parallel_transpose, 16, 1920, 15, 2.1816130280
parallel_square_transpose, 16, 1920, 15, 2.1414657750
parallel, 32, 1920, 15, 2.7667533730
parallel_transpose, 32, 1920, 15, 1.1768759630
parallel_square_transpose, 32, 1920, 15, 1.1806543500
parallel, 4, 2080, 1, 29.1781381200
parallel_transpose, 4, 2080, 1, 10.5107455230
parallel_square_transpose, 4, 2080, 1, 10.4404449350
parallel, 8, 2080, 1, 14.9717089340
parallel_transpose, 8, 2080, 1, 5.3242674740
parallel_square_transpose, 8, 2080, 1, 5.2932357120
parallel, 16, 2080, 1, 7.4232519040
parallel_transpose, 16, 2080, 1, 2.7580226170
parallel_square_transpose, 16, 2080, 1, 2.7293317600
parallel, 32, 2080, 1, 3.8287730360
parallel_transpose, 32, 2080, 1, 1.4406586380
parallel_square_transpose, 32, 2080, 1, 1.4418982300
parallel, 4, 2080, 2, 27.3017133740
parallel_transpose, 4, 2080, 2, 10.3839205530
parallel_square_transpose, 4, 2080, 2, 10.3340880280
parallel, 8, 2080, 2, 14.4228842090
parallel_transpose, 8, 2080, 2, 5.3129177760
parallel_square_transpose, 8, 2080, 2, 5.3180637620
parallel, 16, 2080, 2, 7.5053116270
parallel_transpose, 16, 2080, 2, 2.7854626320
parallel_square_transpose, 16, 2080, 2, 2.7332923080
parallel, 32, 2080, 2, 3.9129687180
parallel_transpose, 32, 2080, 2, 1.4587910420
parallel_square_transpose, 32, 2080, 2, 1.4551386330
parallel, 4, 2080, 3, 29.9614915290
parallel_transpose, 4, 2080, 3, 10.3565871220
parallel_square_transpose, 4, 2080, 3, 10.3565022050
parallel, 8, 2080, 3, 14.7352123220
parallel_transpose, 8, 2080, 3, 5.3206421530
parallel_square_transpose, 8, 2080, 3, 5.3122101550
parallel, 16, 2080, 3, 7.5555045260
parallel_transpose, 16, 2080, 3, 2.7737885220
parallel_square_transpose, 16, 2080, 3, 2.7218858630
parallel, 32, 2080, 3, 3.8982241140
parallel_transpose, 32, 2080, 3, 1.4443682710
parallel_square_transpose, 32, 2080, 3, 1.4380234780
parallel, 4, 2080, 4, 26.6979867970
parallel_transpose, 4, 2080, 4, 10.3660812270
parallel_square_transpose, 4, 2080, 4, 10.3264890230
parallel, 8, 2080, 4, 14.6555958630
parallel_transpose, 8, 2080, 4, 5.3155173890
parallel_square_transpose, 8, 2080, 4, 5.2762242610
parallel, 16, 2080, 4, 7.3050205770
parallel_transpose, 16, 2080, 4, 2.7302116590
parallel_square_transpose, 16, 2080, 4, 2.7595625410
parallel, 32, 2080, 4, 3.7870244200
parallel_transpose, 32, 2080, 4, 1.4536502990
parallel_square_transpose, 32, 2080, 4, 1.4504068720
parallel, 4, 2080, 5, 26.8077985320
parallel_transpose, 4, 2080, 5, 10.4011472820
parallel_square_transpose, 4, 2080, 5, 10.3844679870
parallel, 8, 2080, 5, 14.5978048970
parallel_transpose, 8, 2080, 5, 5.2960453460
parallel_square_transpose, 8, 2080, 5, 5.2351156810
parallel, 16, 2080, 5, 7.4981697960
parallel_transpose, 16, 2080, 5, 2.7821491050
parallel_square_transpose, 16, 2080, 5, 2.7513734760
parallel, 32, 2080, 5, 3.8977353390
parallel_transpose, 32, 2080, 5, 1.4967823880
parallel_square_transpose, 32, 2080, 5, 1.4840210870
parallel, 4, 2080, 6, 29.0270595340
parallel_transpose, 4, 2080, 6, 10.3771385180
parallel_square_transpose, 4, 2080, 6, 10.3331289810
parallel, 8, 2080, 6, 14.8615298850
parallel_transpose, 8, 2080, 6, 5.2517203900
parallel_square_transpose, 8, 2080, 6, 5.2784971900
parallel, 16, 2080, 6, 7.3461252190
parallel_transpose, 16, 2080, 6, 2.7275238670
parallel_square_transpose, 16, 2080, 6, 2.7181661320
parallel, 32, 2080, 6, 3.8743995330
parallel_transpose, 32, 2080, 6, 1.5006565960
parallel_square_transpose, 32, 2080, 6, 1.4766482130
parallel, 4, 2080, 7, 26.7761445720
parallel_transpose, 4, 2080, 7, 10.3382126040
parallel_square_transpose, 4, 2080, 7, 10.3396560020
parallel, 8, 2080, 7, 14.6910032480
parallel_transpose, 8, 2080, 7, 5.3020125090
parallel_square_transpose, 8, 2080, 7, 5.2570119970
parallel, 16, 2080, 7, 7.6843424300
parallel_transpose, 16, 2080, 7, 2.7655538110
parallel_square_transpose, 16, 2080, 7, 2.7466598750
parallel, 32, 2080, 7, 3.9664178090
parallel_transpose, 32, 2080, 7, 1.4608202000
parallel_square_transpose, 32, 2080, 7, 1.4531990980
parallel, 4, 2080, 8, 27.2462877640
parallel_transpose, 4, 2080, 8, 10.3752816300
parallel_square_transpose, 4, 2080, 8, 10.3304215570
parallel, 8, 2080, 8, 14.8005399850
parallel_transpose, 8, 2080, 8, 5.2671216300
parallel_square_transpose, 8, 2080, 8, 5.2650528470
parallel, 16, 2080, 8, 7.4472921290
parallel_transpose, 16, 2080, 8, 2.7227508750
parallel_square_transpose, 16, 2080, 8, 2.7379202350
parallel, 32, 2080, 8, 3.7792832120
parallel_transpose, 32, 2080, 8, 1.4759496490
parallel_square_transpose, 32, 2080, 8, 1.4581754230
parallel, 4, 2080, 9, 27.2544197680
parallel_transpose, 4, 2080, 9, 10.4080049250
parallel_square_transpose, 4, 2080, 9, 10.3582414390
parallel, 8, 2080, 9, 15.0118424970
parallel_transpose, 8, 2080, 9, 5.2911463670
parallel_square_transpose, 8, 2080, 9, 5.2750210990
parallel, 16, 2080, 9, 7.5466532330
parallel_transpose, 16, 2080, 9, 2.7462583170
parallel_square_transpose, 16, 2080, 9, 2.7531535560
parallel, 32, 2080, 9, 3.9205710860
parallel_transpose, 32, 2080, 9, 1.5007997310
parallel_square_transpose, 32, 2080, 9, 1.4654249620
parallel, 4, 2080, 10, 28.1513977570
parallel_transpose, 4, 2080, 10, 10.3722389370
parallel_square_transpose, 4, 2080, 10, 10.3752755830
parallel, 8, 2080, 10, 14.8289528940
parallel_transpose, 8, 2080, 10, 5.3091923670
parallel_square_transpose, 8, 2080, 10, 5.3115875420
parallel, 16, 2080, 10, 7.5122373750
parallel_transpose, 16, 2080, 10, 2.7477208030
parallel_square_transpose, 16, 2080, 10, 2.7598433220
parallel, 32, 2080, 10, 3.8433514080
parallel_transpose, 32, 2080, 10, 1.4972550730
parallel_square_transpose, 32, 2080, 10, 1.4856178410
parallel, 4, 2080, 11, 29.8490072390
parallel_transpose, 4, 2080, 11, 10.3462956590
parallel_square_transpose, 4, 2080, 11, 10.4084221370
parallel, 8, 2080, 11, 14.8091740740
parallel_transpose, 8, 2080, 11, 5.3191538000
parallel_square_transpose, 8, 2080, 11, 5.3202235250
parallel, 16, 2080, 11, 7.4270892970
parallel_transpose, 16, 2080, 11, 2.7470018900
parallel_square_transpose, 16, 2080, 11, 2.7442236870
parallel, 32, 2080, 11, 3.9288208500
parallel_transpose, 32, 2080, 11, 1.4991824380
parallel_square_transpose, 32, 2080, 11, 1.4821308530
parallel, 4, 2080, 12, 26.4344820440
parallel_transpose, 4, 2080, 12, 10.4671300760
parallel_square_transpose, 4, 2080, 12, 10.4793770910
parallel, 8, 2080, 12, 14.5244492530
parallel_transpose, 8, 2080, 12, 5.3240723390
parallel_square_transpose, 8, 2080, 12, 5.2912754570
parallel, 16, 2080, 12, 7.3749088350
parallel_transpose, 16, 2080, 12, 2.7296112800
parallel_square_transpose, 16, 2080, 12, 2.7735169040
parallel, 32, 2080, 12, 3.7931063470
parallel_transpose, 32, 2080, 12, 1.4519400750
parallel_square_transpose, 32, 2080, 12, 1.4491692240
parallel, 4, 2080, 13, 27.9371565950
parallel_transpose, 4, 2080, 13, 10.5361541380
parallel_square_transpose, 4, 2080, 13, 10.4795148920
parallel, 8, 2080, 13, 14.4779602940
parallel_transpose, 8, 2080, 13, 5.3214626250
parallel_square_transpose, 8, 2080, 13, 5.3277999420
parallel, 16, 2080, 13, 7.5025254710
parallel_transpose, 16, 2080, 13, 2.7430250450
parallel_square_transpose, 16, 2080, 13, 2.7143642180
parallel, 32, 2080, 13, 5.3938858480
parallel_transpose, 32, 2080, 13, 1.4996817010
parallel_square_transpose, 32, 2080, 13, 1.4731932030
parallel, 4, 2080, 14, 25.9672713520
parallel_transpose, 4, 2080, 14, 10.3765258330
parallel_square_transpose, 4, 2080, 14, 10.3558007860
parallel, 8, 2080, 14, 14.4239715860
parallel_transpose, 8, 2080, 14, 5.2397158740
parallel_square_transpose, 8, 2080, 14, 5.3043865700
parallel, 16, 2080, 14, 7.5262305600
parallel_transpose, 16, 2080, 14, 2.7432188860
parallel_square_transpose, 16, 2080, 14, 2.7567951000
parallel, 32, 2080, 14, 3.8799595810
parallel_transpose, 32, 2080, 14, 1.4951922010
parallel_square_transpose, 32, 2080, 14, 1.4237519550
parallel, 4, 2080, 15, 28.0647304870
parallel_transpose, 4, 2080, 15, 10.3357995000
parallel_square_transpose, 4, 2080, 15, 10.3884507910
parallel, 8, 2080, 15, 14.6423920430
parallel_transpose, 8, 2080, 15, 5.2876423760
parallel_square_transpose, 8, 2080, 15, 5.2641840420
parallel, 16, 2080, 15, 7.4059361880
parallel_transpose, 16, 2080, 15, 2.7828930350
parallel_square_transpose, 16, 2080, 15, 2.7837223730
parallel, 32, 2080, 15, 3.9217388040
parallel_transpose, 32, 2080, 15, 1.4817323600
parallel_square_transpose, 32, 2080, 15, 1.4757878180
