program,cores,problem_size,trial,execution_time
serial, 1, 1440, 1, 32.0200000000
serial_transpose, 1, 1440, 1, 13.4900000000
serial_random_line, 1, 1440, 1, 31.7000000000
serial_square_transpose, 1, 1440, 1, 14.3100000000
serial, 1, 1440, 2, 32.5800000000
serial_transpose, 1, 1440, 2, 14.1200000000
serial_random_line, 1, 1440, 2, 31.6900000000
serial_square_transpose, 1, 1440, 2, 13.4700000000
serial, 1, 1440, 3, 34.1600000000
serial_transpose, 1, 1440, 3, 13.5200000000
serial_random_line, 1, 1440, 3, 32.6400000000
serial_square_transpose, 1, 1440, 3, 13.6100000000
serial, 1, 1440, 4, 32.2100000000
serial_transpose, 1, 1440, 4, 14.5300000000
serial_random_line, 1, 1440, 4, 31.7300000000
serial_square_transpose, 1, 1440, 4, 13.4600000000
serial, 1, 1440, 5, 31.9800000000
serial_transpose, 1, 1440, 5, 13.5900000000
serial_random_line, 1, 1440, 5, 32.0000000000
serial_square_transpose, 1, 1440, 5, 13.4600000000
serial, 1, 1440, 6, 32.0600000000
serial_transpose, 1, 1440, 6, 13.4900000000
serial_random_line, 1, 1440, 6, 33.1500000000
serial_square_transpose, 1, 1440, 6, 13.4700000000
serial, 1, 1440, 7, 32.1400000000
serial_transpose, 1, 1440, 7, 13.4900000000
serial_random_line, 1, 1440, 7, 32.8500000000
serial_square_transpose, 1, 1440, 7, 13.5300000000
serial, 1, 1440, 8, 33.1300000000
serial_transpose, 1, 1440, 8, 13.4900000000
serial_random_line, 1, 1440, 8, 32.3400000000
serial_square_transpose, 1, 1440, 8, 13.8200000000
serial, 1, 1440, 9, 33.7800000000
serial_transpose, 1, 1440, 9, 17.8000000000
serial_random_line, 1, 1440, 9, 32.8900000000
serial_square_transpose, 1, 1440, 9, 20.5000000000
serial, 1, 1440, 10, 31.8900000000
serial_transpose, 1, 1440, 10, 13.5000000000
serial_random_line, 1, 1440, 10, 33.2600000000
serial_square_transpose, 1, 1440, 10, 13.4500000000
serial, 1, 1440, 11, 32.2400000000
serial_transpose, 1, 1440, 11, 14.5100000000
serial_random_line, 1, 1440, 11, 33.1400000000
serial_square_transpose, 1, 1440, 11, 13.4600000000
serial, 1, 1440, 12, 32.4200000000
serial_transpose, 1, 1440, 12, 13.4900000000
serial_random_line, 1, 1440, 12, 32.0500000000
serial_square_transpose, 1, 1440, 12, 14.1000000000
serial, 1, 1440, 13, 32.1500000000
serial_transpose, 1, 1440, 13, 13.5000000000
serial_random_line, 1, 1440, 13, 32.1500000000
serial_square_transpose, 1, 1440, 13, 13.4700000000
serial, 1, 1440, 14, 31.8500000000
serial_transpose, 1, 1440, 14, 13.9800000000
serial_random_line, 1, 1440, 14, 31.9800000000
serial_square_transpose, 1, 1440, 14, 14.6400000000
serial, 1, 1440, 15, 32.7500000000
serial_transpose, 1, 1440, 15, 13.5200000000
serial_random_line, 1, 1440, 15, 31.8400000000
serial_square_transpose, 1, 1440, 15, 13.4700000000
serial, 1, 1600, 1, 47.5800000000
serial_transpose, 1, 1600, 1, 19.1500000000
serial_random_line, 1, 1600, 1, 47.1900000000
serial_square_transpose, 1, 1600, 1, 18.4700000000
serial, 1, 1600, 2, 46.6800000000
serial_transpose, 1, 1600, 2, 18.5200000000
serial_random_line, 1, 1600, 2, 46.8800000000
serial_square_transpose, 1, 1600, 2, 18.5500000000
serial, 1, 1600, 3, 46.4600000000
serial_transpose, 1, 1600, 3, 18.5200000000
serial_random_line, 1, 1600, 3, 47.8200000000
serial_square_transpose, 1, 1600, 3, 18.6700000000
serial, 1, 1600, 4, 50.0000000000
serial_transpose, 1, 1600, 4, 18.6400000000
serial_random_line, 1, 1600, 4, 48.1400000000
serial_square_transpose, 1, 1600, 4, 18.4700000000
serial, 1, 1600, 5, 48.1500000000
serial_transpose, 1, 1600, 5, 18.4900000000
serial_random_line, 1, 1600, 5, 49.0400000000
serial_square_transpose, 1, 1600, 5, 21.9900000000
serial, 1, 1600, 6, 46.2900000000
serial_transpose, 1, 1600, 6, 18.5400000000
serial_random_line, 1, 1600, 6, 48.2400000000
serial_square_transpose, 1, 1600, 6, 18.4800000000
serial, 1, 1600, 7, 47.2800000000
serial_transpose, 1, 1600, 7, 18.5100000000
serial_random_line, 1, 1600, 7, 47.2700000000
serial_square_transpose, 1, 1600, 7, 18.4900000000
serial, 1, 1600, 8, 46.9500000000
serial_transpose, 1, 1600, 8, 18.5400000000
serial_random_line, 1, 1600, 8, 47.8500000000
serial_square_transpose, 1, 1600, 8, 18.8100000000
serial, 1, 1600, 9, 46.9700000000
serial_transpose, 1, 1600, 9, 18.7100000000
serial_random_line, 1, 1600, 9, 46.9700000000
serial_square_transpose, 1, 1600, 9, 18.4800000000
serial, 1, 1600, 10, 48.5300000000
serial_transpose, 1, 1600, 10, 18.5200000000
serial_random_line, 1, 1600, 10, 46.4900000000
serial_square_transpose, 1, 1600, 10, 22.6600000000
serial, 1, 1600, 11, 50.5400000000
serial_transpose, 1, 1600, 11, 18.7700000000
serial_random_line, 1, 1600, 11, 46.7100000000
serial_square_transpose, 1, 1600, 11, 18.5100000000
serial, 1, 1600, 12, 47.3200000000
serial_transpose, 1, 1600, 12, 18.5200000000
serial_random_line, 1, 1600, 12, 46.8500000000
serial_square_transpose, 1, 1600, 12, 18.4900000000
serial, 1, 1600, 13, 46.8200000000
serial_transpose, 1, 1600, 13, 18.5500000000
serial_random_line, 1, 1600, 13, 46.9600000000
serial_square_transpose, 1, 1600, 13, 18.5000000000
serial, 1, 1600, 14, 46.6400000000
serial_transpose, 1, 1600, 14, 18.9900000000
serial_random_line, 1, 1600, 14, 46.8600000000
serial_square_transpose, 1, 1600, 14, 20.8500000000
serial, 1, 1600, 15, 54.0300000000
serial_transpose, 1, 1600, 15, 29.4800000000
serial_random_line, 1, 1600, 15, 50.3000000000
serial_square_transpose, 1, 1600, 15, 19.7700000000
serial, 1, 1760, 1, 67.1900000000
serial_transpose, 1, 1760, 1, 24.7200000000
serial_random_line, 1, 1760, 1, 66.5800000000
serial_square_transpose, 1, 1760, 1, 24.5900000000
serial, 1, 1760, 2, 68.6100000000
serial_transpose, 1, 1760, 2, 24.6400000000
serial_random_line, 1, 1760, 2, 68.3700000000
serial_square_transpose, 1, 1760, 2, 24.6300000000
serial, 1, 1760, 3, 68.2700000000
serial_transpose, 1, 1760, 3, 24.6500000000
serial_random_line, 1, 1760, 3, 67.0200000000
serial_square_transpose, 1, 1760, 3, 24.6500000000
serial, 1, 1760, 4, 73.0600000000
serial_transpose, 1, 1760, 4, 37.8200000000
serial_random_line, 1, 1760, 4, 65.8600000000
serial_square_transpose, 1, 1760, 4, 24.5800000000
serial, 1, 1760, 5, 69.0000000000
serial_transpose, 1, 1760, 5, 24.7800000000
serial_random_line, 1, 1760, 5, 68.0300000000
serial_square_transpose, 1, 1760, 5, 27.1700000000
serial, 1, 1760, 6, 73.9700000000
serial_transpose, 1, 1760, 6, 25.0200000000
serial_random_line, 1, 1760, 6, 76.8600000000
serial_square_transpose, 1, 1760, 6, 31.6900000000
serial, 1, 1760, 7, 65.8100000000
serial_transpose, 1, 1760, 7, 30.6500000000
serial_random_line, 1, 1760, 7, 68.2600000000
serial_square_transpose, 1, 1760, 7, 26.9100000000
serial, 1, 1760, 8, 65.7500000000
serial_transpose, 1, 1760, 8, 24.6300000000
serial_random_line, 1, 1760, 8, 68.8000000000
serial_square_transpose, 1, 1760, 8, 24.8100000000
serial, 1, 1760, 9, 83.0400000000
serial_transpose, 1, 1760, 9, 24.8100000000
serial_random_line, 1, 1760, 9, 119.9200000000
serial_square_transpose, 1, 1760, 9, 39.4800000000
serial, 1, 1760, 10, 84.9100000000
serial_transpose, 1, 1760, 10, 25.8600000000
serial_random_line, 1, 1760, 10, 81.3000000000
serial_square_transpose, 1, 1760, 10, 24.7600000000
serial, 1, 1760, 11, 93.8300000000
serial_transpose, 1, 1760, 11, 27.6000000000
serial_random_line, 1, 1760, 11, 72.5700000000
serial_square_transpose, 1, 1760, 11, 24.5900000000
serial, 1, 1760, 12, 66.8800000000
serial_transpose, 1, 1760, 12, 29.6800000000
serial_random_line, 1, 1760, 12, 71.8300000000
serial_square_transpose, 1, 1760, 12, 24.5900000000
serial, 1, 1760, 13, 68.4500000000
serial_transpose, 1, 1760, 13, 24.6800000000
serial_random_line, 1, 1760, 13, 66.9200000000
serial_square_transpose, 1, 1760, 13, 24.6100000000
serial, 1, 1760, 14, 66.2300000000
serial_transpose, 1, 1760, 14, 26.4600000000
serial_random_line, 1, 1760, 14, 66.9100000000
serial_square_transpose, 1, 1760, 14, 24.6100000000
serial, 1, 1760, 15, 65.2000000000
serial_transpose, 1, 1760, 15, 26.0900000000
serial_random_line, 1, 1760, 15, 65.7800000000
serial_square_transpose, 1, 1760, 15, 24.6300000000
serial, 1, 1920, 1, 93.5900000000
serial_transpose, 1, 1920, 1, 32.0100000000
serial_random_line, 1, 1920, 1, 95.3200000000
serial_square_transpose, 1, 1920, 1, 31.9000000000
serial, 1, 1920, 2, 92.2400000000
serial_transpose, 1, 1920, 2, 32.4500000000
serial_random_line, 1, 1920, 2, 94.6700000000
serial_square_transpose, 1, 1920, 2, 31.9800000000
serial, 1, 1920, 3, 93.2700000000
serial_transpose, 1, 1920, 3, 32.9600000000
serial_random_line, 1, 1920, 3, 93.0900000000
serial_square_transpose, 1, 1920, 3, 32.0200000000
serial, 1, 1920, 4, 94.5400000000
serial_transpose, 1, 1920, 4, 32.0200000000
serial_random_line, 1, 1920, 4, 91.7900000000
serial_square_transpose, 1, 1920, 4, 32.0700000000
serial, 1, 1920, 5, 99.6000000000
serial_transpose, 1, 1920, 5, 37.9800000000
serial_random_line, 1, 1920, 5, 92.8800000000
serial_square_transpose, 1, 1920, 5, 32.8200000000
serial, 1, 1920, 6, 94.8700000000
serial_transpose, 1, 1920, 6, 32.1100000000
serial_random_line, 1, 1920, 6, 98.3600000000
serial_square_transpose, 1, 1920, 6, 38.4200000000
serial, 1, 1920, 7, 92.7100000000
serial_transpose, 1, 1920, 7, 32.1100000000
serial_random_line, 1, 1920, 7, 93.8500000000
serial_square_transpose, 1, 1920, 7, 36.5000000000
serial, 1, 1920, 8, 102.1100000000
serial_transpose, 1, 1920, 8, 32.2100000000
serial_random_line, 1, 1920, 8, 64.3000000000
serial_square_transpose, 1, 1920, 8, 33.7000000000
serial, 1, 1920, 9, 103.6300000000
serial_transpose, 1, 1920, 9, 34.8600000000
serial_random_line, 1, 1920, 9, 108.9800000000
serial_square_transpose, 1, 1920, 9, 35.0000000000
serial, 1, 1920, 10, 98.1000000000
serial_transpose, 1, 1920, 10, 39.7100000000
serial_random_line, 1, 1920, 10, 95.9100000000
serial_square_transpose, 1, 1920, 10, 33.0500000000
serial, 1, 1920, 11, 103.9000000000
serial_transpose, 1, 1920, 11, 35.6000000000
serial_random_line, 1, 1920, 11, 118.0500000000
serial_square_transpose, 1, 1920, 11, 37.4300000000
serial, 1, 1920, 12, 109.1000000000
serial_transpose, 1, 1920, 12, 38.4900000000
serial_random_line, 1, 1920, 12, 103.4000000000
serial_square_transpose, 1, 1920, 12, 33.9700000000
serial, 1, 1920, 13, 112.7000000000
serial_transpose, 1, 1920, 13, 33.5600000000
serial_random_line, 1, 1920, 13, 107.4800000000
serial_square_transpose, 1, 1920, 13, 34.3100000000
serial, 1, 1920, 14, 107.3300000000
serial_transpose, 1, 1920, 14, 35.9600000000
serial_random_line, 1, 1920, 14, 104.8900000000
serial_square_transpose, 1, 1920, 14, 35.4100000000
serial, 1, 1920, 15, 97.7500000000
serial_transpose, 1, 1920, 15, 32.7900000000
serial_random_line, 1, 1920, 15, 107.7700000000
serial_square_transpose, 1, 1920, 15, 33.9700000000
serial, 1, 2080, 1, 145.7800000000
serial_transpose, 1, 2080, 1, 47.1100000000
serial_random_line, 1, 2080, 1, 140.4500000000
serial_square_transpose, 1, 2080, 1, 42.9900000000
serial, 1, 2080, 2, 136.1100000000
serial_transpose, 1, 2080, 2, 42.3200000000
serial_random_line, 1, 2080, 2, 132.3900000000
serial_square_transpose, 1, 2080, 2, 43.4700000000
serial, 1, 2080, 3, 131.3400000000
serial_transpose, 1, 2080, 3, 42.5800000000
serial_random_line, 1, 2080, 3, 130.5400000000
serial_square_transpose, 1, 2080, 3, 43.3700000000
serial, 1, 2080, 4, 139.7300000000
serial_transpose, 1, 2080, 4, 41.2000000000
serial_random_line, 1, 2080, 4, 150.4800000000
serial_square_transpose, 1, 2080, 4, 49.0500000000
serial, 1, 2080, 5, 143.4400000000
serial_transpose, 1, 2080, 5, 47.8300000000
serial_random_line, 1, 2080, 5, 160.6600000000
serial_square_transpose, 1, 2080, 5, 45.2700000000
serial, 1, 2080, 6, 146.5600000000
serial_transpose, 1, 2080, 6, 50.8400000000
serial_random_line, 1, 2080, 6, 148.2300000000
serial_square_transpose, 1, 2080, 6, 44.7100000000
serial, 1, 2080, 7, 142.8400000000
serial_transpose, 1, 2080, 7, 49.2500000000
serial_random_line, 1, 2080, 7, 136.2400000000
serial_square_transpose, 1, 2080, 7, 42.5600000000
serial, 1, 2080, 8, 149.6100000000
serial_transpose, 1, 2080, 8, 43.4500000000
serial_random_line, 1, 2080, 8, 141.1700000000
serial_square_transpose, 1, 2080, 8, 45.9200000000
serial, 1, 2080, 9, 150.7400000000
serial_transpose, 1, 2080, 9, 42.8900000000
