{
    "('0', '2200000000')": {
        "2": {
            "mean_time": 17.765038149300004,
            "times": [
                {
                    "PI": 3.1415825381818183,
                    "time": 17.768274512
                },
                {
                    "PI": 3.1415825381818183,
                    "time": 17.764454046
                },
                {
                    "PI": 3.1415825381818183,
                    "time": 17.763863307
                },
                {
                    "PI": 3.1415825381818183,
                    "time": 17.767502812
                },
                {
                    "PI": 3.1415825381818183,
                    "time": 17.759016858
                },
                {
                    "PI": 3.1415825381818183,
                    "time": 17.766836932
                },
                {
                    "PI": 3.1415825381818183,
                    "time": 17.764904847
                },
                {
                    "PI": 3.1415825381818183,
                    "time": 17.763620913
                },
                {
                    "PI": 3.1415825381818183,
                    "time": 17.765586747
                },
                {
                    "PI": 3.1415825381818183,
                    "time": 17.766320519
                }
            ]
        },
        "3": {
            "mean_time": 10.5852800503,
            "times": [
                {
                    "PI": 3.1415837345454545,
                    "time": 10.578392723
                },
                {
                    "PI": 3.1415837345454545,
                    "time": 10.582155334
                },
                {
                    "PI": 3.1415837345454545,
                    "time": 10.579931803
                },
                {
                    "PI": 3.1415837345454545,
                    "time": 10.580982426
                },
                {
                    "PI": 3.1415837345454545,
                    "time": 10.58404126
                },
                {
                    "PI": 3.1415837345454545,
                    "time": 10.579690403
                },
                {
                    "PI": 3.1415837345454545,
                    "time": 10.579891353
                },
                {
                    "PI": 3.1415837345454545,
                    "time": 10.601587024
                },
                {
                    "PI": 3.1415837345454545,
                    "time": 10.591057314
                },
                {
                    "PI": 3.1415837345454545,
                    "time": 10.595070863
                }
            ]
        },
        "4": {
            "mean_time": 7.9496141949000005,
            "times": [
                {
                    "PI": 3.141593738181818,
                    "time": 7.953039684
                },
                {
                    "PI": 3.141593738181818,
                    "time": 7.943944193
                },
                {
                    "PI": 3.141593738181818,
                    "time": 7.948819318
                },
                {
                    "PI": 3.141593738181818,
                    "time": 7.940764087
                },
                {
                    "PI": 3.141593738181818,
                    "time": 7.939923763
                },
                {
                    "PI": 3.141593738181818,
                    "time": 7.962564442
                },
                {
                    "PI": 3.141593738181818,
                    "time": 7.9503216
                },
                {
                    "PI": 3.141593738181818,
                    "time": 7.953397146
                },
                {
                    "PI": 3.141593738181818,
                    "time": 7.939606545
                },
                {
                    "PI": 3.141593738181818,
                    "time": 7.963761171
                }
            ]
        },
        "6": {
            "mean_time": 5.4950846117,
            "times": [
                {
                    "PI": 3.1415763818181817,
                    "time": 5.453516799
                },
                {
                    "PI": 3.1415763818181817,
                    "time": 5.460027768
                },
                {
                    "PI": 3.1415763818181817,
                    "time": 5.526434918
                },
                {
                    "PI": 3.1415763818181817,
                    "time": 5.466937306
                },
                {
                    "PI": 3.1415763818181817,
                    "time": 5.482054468
                },
                {
                    "PI": 3.1415763818181817,
                    "time": 5.50798169
                },
                {
                    "PI": 3.1415763818181817,
                    "time": 5.497770535
                },
                {
                    "PI": 3.1415763818181817,
                    "time": 5.52778455
                },
                {
                    "PI": 3.1415763818181817,
                    "time": 5.501021438
                },
                {
                    "PI": 3.1415763818181817,
                    "time": 5.527316645
                }
            ]
        },
        "8": {
            "mean_time": 4.5869168249,
            "times": [
                {
                    "PI": 3.14160416,
                    "time": 4.579958757
                },
                {
                    "PI": 3.14160416,
                    "time": 4.585584754
                },
                {
                    "PI": 3.14160416,
                    "time": 4.58171452
                },
                {
                    "PI": 3.14160416,
                    "time": 4.582886129
                },
                {
                    "PI": 3.14160416,
                    "time": 4.583880116
                },
                {
                    "PI": 3.14160416,
                    "time": 4.586291512
                },
                {
                    "PI": 3.14160416,
                    "time": 4.595153622
                },
                {
                    "PI": 3.14160416,
                    "time": 4.584981368
                },
                {
                    "PI": 3.14160416,
                    "time": 4.585428397
                },
                {
                    "PI": 3.14160416,
                    "time": 4.603289074
                }
            ]
        },
        "12": {
            "mean_time": 3.1082405677000002,
            "times": [
                {
                    "PI": 3.1416046254545456,
                    "time": 3.305613836
                },
                {
                    "PI": 3.1416046254545456,
                    "time": 3.085237477
                },
                {
                    "PI": 3.1416046254545456,
                    "time": 3.087412737
                },
                {
                    "PI": 3.1416046254545456,
                    "time": 3.086972275
                },
                {
                    "PI": 3.1416046254545456,
                    "time": 3.08642675
                },
                {
                    "PI": 3.1416046254545456,
                    "time": 3.086245865
                },
                {
                    "PI": 3.1416046254545456,
                    "time": 3.086233653
                },
                {
                    "PI": 3.1416046254545456,
                    "time": 3.086245807
                },
                {
                    "PI": 3.1416046254545456,
                    "time": 3.085239729
                },
                {
                    "PI": 3.1416046254545456,
                    "time": 3.086777548
                }
            ]
        }
    },
    "('0', '2400000000')": {
        "2": {
            "mean_time": 19.379549517599997,
            "times": [
                {
                    "PI": 3.14158079,
                    "time": 19.378613536
                },
                {
                    "PI": 3.14158079,
                    "time": 19.37871868
                },
                {
                    "PI": 3.14158079,
                    "time": 19.378805006
                },
                {
                    "PI": 3.14158079,
                    "time": 19.380885826
                },
                {
                    "PI": 3.14158079,
                    "time": 19.37984852
                },
                {
                    "PI": 3.14158079,
                    "time": 19.381768269
                },
                {
                    "PI": 3.14158079,
                    "time": 19.380447439
                },
                {
                    "PI": 3.14158079,
                    "time": 19.379067023
                },
                {
                    "PI": 3.14158079,
                    "time": 19.378485369
                },
                {
                    "PI": 3.14158079,
                    "time": 19.378855508
                }
            ]
        },
        "3": {
            "mean_time": 11.547387350200001,
            "times": [
                {
                    "PI": 3.141583695,
                    "time": 11.529115633
                },
                {
                    "PI": 3.141583695,
                    "time": 11.543870504
                },
                {
                    "PI": 3.141583695,
                    "time": 11.543891644
                },
                {
                    "PI": 3.141583695,
                    "time": 11.542666546
                },
                {
                    "PI": 3.141583695,
                    "time": 11.540361589
                },
                {
                    "PI": 3.141583695,
                    "time": 11.548928109
                },
                {
                    "PI": 3.141583695,
                    "time": 11.572500411
                },
                {
                    "PI": 3.141583695,
                    "time": 11.555670141
                },
                {
                    "PI": 3.141583695,
                    "time": 11.555567194
                },
                {
                    "PI": 3.141583695,
                    "time": 11.541301731
                }
            ]
        },
        "4": {
            "mean_time": 8.6698527866,
            "times": [
                {
                    "PI": 3.14158566,
                    "time": 8.675323972
                },
                {
                    "PI": 3.14158566,
                    "time": 8.670588456
                },
                {
                    "PI": 3.14158566,
                    "time": 8.668212842
                },
                {
                    "PI": 3.14158566,
                    "time": 8.668904759
                },
                {
                    "PI": 3.14158566,
                    "time": 8.658968894
                },
                {
                    "PI": 3.14158566,
                    "time": 8.667537968
                },
                {
                    "PI": 3.14158566,
                    "time": 8.680454767
                },
                {
                    "PI": 3.14158566,
                    "time": 8.670338617
                },
                {
                    "PI": 3.14158566,
                    "time": 8.668636866
                },
                {
                    "PI": 3.14158566,
                    "time": 8.669560725
                }
            ]
        },
        "6": {
            "mean_time": 6.0006615941,
            "times": [
                {
                    "PI": 3.14158429,
                    "time": 5.969983504
                },
                {
                    "PI": 3.14158429,
                    "time": 6.044041232
                },
                {
                    "PI": 3.14158429,
                    "time": 5.938580092
                },
                {
                    "PI": 3.14158429,
                    "time": 5.947066447
                },
                {
                    "PI": 3.14158429,
                    "time": 6.019661312
                },
                {
                    "PI": 3.14158429,
                    "time": 6.049359597
                },
                {
                    "PI": 3.14158429,
                    "time": 6.049666084
                },
                {
                    "PI": 3.14158429,
                    "time": 5.99378786
                },
                {
                    "PI": 3.14158429,
                    "time": 6.004931779
                },
                {
                    "PI": 3.14158429,
                    "time": 5.989538034
                }
            ]
        },
        "8": {
            "mean_time": 5.008842296599999,
            "times": [
                {
                    "PI": 3.1415743733333334,
                    "time": 4.997460375
                },
                {
                    "PI": 3.1415743733333334,
                    "time": 5.000521221
                },
                {
                    "PI": 3.1415743733333334,
                    "time": 5.003459233
                },
                {
                    "PI": 3.1415743733333334,
                    "time": 4.992236422
                },
                {
                    "PI": 3.1415743733333334,
                    "time": 4.994166932
                },
                {
                    "PI": 3.1415743733333334,
                    "time": 5.022676817
                },
                {
                    "PI": 3.1415743733333334,
                    "time": 5.022901177
                },
                {
                    "PI": 3.1415743733333334,
                    "time": 5.020250778
                },
                {
                    "PI": 3.1415743733333334,
                    "time": 5.012360053
                },
                {
                    "PI": 3.1415743733333334,
                    "time": 5.022389958
                }
            ]
        },
        "12": {
            "mean_time": 3.3698636051,
            "times": [
                {
                    "PI": 3.14159274,
                    "time": 3.367689627
                },
                {
                    "PI": 3.14159274,
                    "time": 3.378836112
                },
                {
                    "PI": 3.14159274,
                    "time": 3.367607881
                },
                {
                    "PI": 3.14159274,
                    "time": 3.370150634
                },
                {
                    "PI": 3.14159274,
                    "time": 3.367170342
                },
                {
                    "PI": 3.14159274,
                    "time": 3.36903186
                },
                {
                    "PI": 3.14159274,
                    "time": 3.366552708
                },
                {
                    "PI": 3.14159274,
                    "time": 3.378347445
                },
                {
                    "PI": 3.14159274,
                    "time": 3.366385548
                },
                {
                    "PI": 3.14159274,
                    "time": 3.366863894
                }
            ]
        }
    },
    "('0', '2600000000')": {
        "2": {
            "mean_time": 20.994741022,
            "times": [
                {
                    "PI": 3.141584073846154,
                    "time": 20.994095207
                },
                {
                    "PI": 3.141584073846154,
                    "time": 20.993936953
                },
                {
                    "PI": 3.141584073846154,
                    "time": 20.99401311
                },
                {
                    "PI": 3.141584073846154,
                    "time": 20.996528862
                },
                {
                    "PI": 3.141584073846154,
                    "time": 20.995668204
                },
                {
                    "PI": 3.141584073846154,
                    "time": 20.993572134
                },
                {
                    "PI": 3.141584073846154,
                    "time": 20.993436294
                },
                {
                    "PI": 3.141584073846154,
                    "time": 20.993447665
                },
                {
                    "PI": 3.141584073846154,
                    "time": 20.993973865
                },
                {
                    "PI": 3.141584073846154,
                    "time": 20.998737926
                }
            ]
        },
        "3": {
            "mean_time": 12.536692992099999,
            "times": [
                {
                    "PI": 3.141583712307692,
                    "time": 12.505783808
                },
                {
                    "PI": 3.141583712307692,
                    "time": 12.503866302
                },
                {
                    "PI": 3.141583712307692,
                    "time": 12.801064291
                },
                {
                    "PI": 3.141583712307692,
                    "time": 12.511947091
                },
                {
                    "PI": 3.141583712307692,
                    "time": 12.503147935
                },
                {
                    "PI": 3.141583712307692,
                    "time": 12.507426176
                },
                {
                    "PI": 3.141583712307692,
                    "time": 12.513102345
                },
                {
                    "PI": 3.141583712307692,
                    "time": 12.510973816
                },
                {
                    "PI": 3.141583712307692,
                    "time": 12.505812171
                },
                {
                    "PI": 3.141583712307692,
                    "time": 12.503805986
                }
            ]
        },
        "4": {
            "mean_time": 9.4095932092,
            "times": [
                {
                    "PI": 3.141588916923077,
                    "time": 9.386155649
                },
                {
                    "PI": 3.141588916923077,
                    "time": 9.380905616
                },
                {
                    "PI": 3.141588916923077,
                    "time": 9.389484559
                },
                {
                    "PI": 3.141588916923077,
                    "time": 9.563140302
                },
                {
                    "PI": 3.141588916923077,
                    "time": 9.391067934
                },
                {
                    "PI": 3.141588916923077,
                    "time": 9.386592456
                },
                {
                    "PI": 3.141588916923077,
                    "time": 9.391966366
                },
                {
                    "PI": 3.141588916923077,
                    "time": 9.429505579
                },
                {
                    "PI": 3.141588916923077,
                    "time": 9.391582259
                },
                {
                    "PI": 3.141588916923077,
                    "time": 9.385531372
                }
            ]
        },
        "6": {
            "mean_time": 6.4940039118,
            "times": [
                {
                    "PI": 3.1415754092307693,
                    "time": 6.455493787
                },
                {
                    "PI": 3.1415754092307693,
                    "time": 6.443709921
                },
                {
                    "PI": 3.1415754092307693,
                    "time": 6.552199948
                },
                {
                    "PI": 3.1415754092307693,
                    "time": 6.51125676
                },
                {
                    "PI": 3.1415754092307693,
                    "time": 6.467724711
                },
                {
                    "PI": 3.1415754092307693,
                    "time": 6.479029366
                },
                {
                    "PI": 3.1415754092307693,
                    "time": 6.481241239
                },
                {
                    "PI": 3.1415754092307693,
                    "time": 6.483904463
                },
                {
                    "PI": 3.1415754092307693,
                    "time": 6.497409258
                },
                {
                    "PI": 3.1415754092307693,
                    "time": 6.568069665
                }
            ]
        },
        "8": {
            "mean_time": 5.4250131569999995,
            "times": [
                {
                    "PI": 3.141561723076923,
                    "time": 5.417440936
                },
                {
                    "PI": 3.141561723076923,
                    "time": 5.423214933
                },
                {
                    "PI": 3.141561723076923,
                    "time": 5.430032972
                },
                {
                    "PI": 3.141561723076923,
                    "time": 5.412663109
                },
                {
                    "PI": 3.141561723076923,
                    "time": 5.414744738
                },
                {
                    "PI": 3.141561723076923,
                    "time": 5.423362887
                },
                {
                    "PI": 3.141561723076923,
                    "time": 5.431716068
                },
                {
                    "PI": 3.141561723076923,
                    "time": 5.419940577
                },
                {
                    "PI": 3.141561723076923,
                    "time": 5.439395226
                },
                {
                    "PI": 3.141561723076923,
                    "time": 5.437620124
                }
            ]
        },
        "12": {
            "mean_time": 3.6489451501000003,
            "times": [
                {
                    "PI": 3.1415872061538463,
                    "time": 3.647905136
                },
                {
                    "PI": 3.1415872061538463,
                    "time": 3.648107673
                },
                {
                    "PI": 3.1415872061538463,
                    "time": 3.648271498
                },
                {
                    "PI": 3.1415872061538463,
                    "time": 3.652552704
                },
                {
                    "PI": 3.1415872061538463,
                    "time": 3.651619626
                },
                {
                    "PI": 3.1415872061538463,
                    "time": 3.646386194
                },
                {
                    "PI": 3.1415872061538463,
                    "time": 3.648198558
                },
                {
                    "PI": 3.1415872061538463,
                    "time": 3.646807842
                },
                {
                    "PI": 3.1415872061538463,
                    "time": 3.646110406
                },
                {
                    "PI": 3.1415872061538463,
                    "time": 3.653491864
                }
            ]
        }
    },
    "('0', '2800000000')": {
        "2": {
            "mean_time": 22.6110575174,
            "times": [
                {
                    "PI": 3.141582882857143,
                    "time": 22.609474891
                },
                {
                    "PI": 3.141582882857143,
                    "time": 22.608566941
                },
                {
                    "PI": 3.141582882857143,
                    "time": 22.609079563
                },
                {
                    "PI": 3.141582882857143,
                    "time": 22.609325174
                },
                {
                    "PI": 3.141582882857143,
                    "time": 22.613123134
                },
                {
                    "PI": 3.141582882857143,
                    "time": 22.623134352
                },
                {
                    "PI": 3.141582882857143,
                    "time": 22.608645291
                },
                {
                    "PI": 3.141582882857143,
                    "time": 22.608414448
                },
                {
                    "PI": 3.141582882857143,
                    "time": 22.609460353
                },
                {
                    "PI": 3.141582882857143,
                    "time": 22.611351027
                }
            ]
        },
        "3": {
            "mean_time": 13.4748987865,
            "times": [
                {
                    "PI": 3.1415829257142858,
                    "time": 13.454245467
                },
                {
                    "PI": 3.1415829257142858,
                    "time": 13.478843094
                },
                {
                    "PI": 3.1415829257142858,
                    "time": 13.51746428
                },
                {
                    "PI": 3.1415829257142858,
                    "time": 13.473482759
                },
                {
                    "PI": 3.1415829257142858,
                    "time": 13.485022999
                },
                {
                    "PI": 3.1415829257142858,
                    "time": 13.463717472
                },
                {
                    "PI": 3.1415829257142858,
                    "time": 13.472100369
                },
                {
                    "PI": 3.1415829257142858,
                    "time": 13.477266802
                },
                {
                    "PI": 3.1415829257142858,
                    "time": 13.465043534
                },
                {
                    "PI": 3.1415829257142858,
                    "time": 13.461801089
                }
            ]
        },
        "4": {
            "mean_time": 10.1184709626,
            "times": [
                {
                    "PI": 3.141579022857143,
                    "time": 10.110374364
                },
                {
                    "PI": 3.141579022857143,
                    "time": 10.15833977
                },
                {
                    "PI": 3.141579022857143,
                    "time": 10.117229143
                },
                {
                    "PI": 3.141579022857143,
                    "time": 10.120172192
                },
                {
                    "PI": 3.141579022857143,
                    "time": 10.13487227
                },
                {
                    "PI": 3.141579022857143,
                    "time": 10.104589756
                },
                {
                    "PI": 3.141579022857143,
                    "time": 10.109118005
                },
                {
                    "PI": 3.141579022857143,
                    "time": 10.109272752
                },
                {
                    "PI": 3.141579022857143,
                    "time": 10.106095793
                },
                {
                    "PI": 3.141579022857143,
                    "time": 10.114645581
                }
            ]
        },
        "6": {
            "mean_time": 6.9732177161,
            "times": [
                {
                    "PI": 3.141584862857143,
                    "time": 6.935203334
                },
                {
                    "PI": 3.141584862857143,
                    "time": 6.928164031
                },
                {
                    "PI": 3.141584862857143,
                    "time": 6.937813556
                },
                {
                    "PI": 3.141584862857143,
                    "time": 6.941611165
                },
                {
                    "PI": 3.141584862857143,
                    "time": 6.950963501
                },
                {
                    "PI": 3.141584862857143,
                    "time": 6.977167148
                },
                {
                    "PI": 3.141584862857143,
                    "time": 6.994245642
                },
                {
                    "PI": 3.141584862857143,
                    "time": 6.978678124
                },
                {
                    "PI": 3.141584862857143,
                    "time": 7.096583587
                },
                {
                    "PI": 3.141584862857143,
                    "time": 6.991747073
                }
            ]
        },
        "8": {
            "mean_time": 5.849145181400001,
            "times": [
                {
                    "PI": 3.1415922742857143,
                    "time": 5.849609147
                },
                {
                    "PI": 3.1415922742857143,
                    "time": 5.849668822
                },
                {
                    "PI": 3.1415922742857143,
                    "time": 5.838202434
                },
                {
                    "PI": 3.1415922742857143,
                    "time": 5.867786108
                },
                {
                    "PI": 3.1415922742857143,
                    "time": 5.829962761
                },
                {
                    "PI": 3.1415922742857143,
                    "time": 5.842669426
                },
                {
                    "PI": 3.1415922742857143,
                    "time": 5.853797626
                },
                {
                    "PI": 3.1415922742857143,
                    "time": 5.86510546
                },
                {
                    "PI": 3.1415922742857143,
                    "time": 5.835177917
                },
                {
                    "PI": 3.1415922742857143,
                    "time": 5.859472113
                }
            ]
        },
        "12": {
            "mean_time": 3.930860193400001,
            "times": [
                {
                    "PI": 3.141564102857143,
                    "time": 3.929562649
                },
                {
                    "PI": 3.141564102857143,
                    "time": 3.929353778
                },
                {
                    "PI": 3.141564102857143,
                    "time": 3.929409625
                },
                {
                    "PI": 3.141564102857143,
                    "time": 3.927807695
                },
                {
                    "PI": 3.141564102857143,
                    "time": 3.928877134
                },
                {
                    "PI": 3.141564102857143,
                    "time": 3.930669249
                },
                {
                    "PI": 3.141564102857143,
                    "time": 3.927024754
                },
                {
                    "PI": 3.141564102857143,
                    "time": 3.938312349
                },
                {
                    "PI": 3.141564102857143,
                    "time": 3.935680746
                },
                {
                    "PI": 3.141564102857143,
                    "time": 3.931903955
                }
            ]
        }
    },
    "('0', '3000000000')": {
        "2": {
            "mean_time": 24.2241650291,
            "times": [
                {
                    "PI": 3.1415854346666667,
                    "time": 24.223206105
                },
                {
                    "PI": 3.1415854346666667,
                    "time": 24.224182607
                },
                {
                    "PI": 3.1415854346666667,
                    "time": 24.223375782
                },
                {
                    "PI": 3.1415854346666667,
                    "time": 24.224223254
                },
                {
                    "PI": 3.1415854346666667,
                    "time": 24.224300984
                },
                {
                    "PI": 3.1415854346666667,
                    "time": 24.224032559
                },
                {
                    "PI": 3.1415854346666667,
                    "time": 24.224228453
                },
                {
                    "PI": 3.1415854346666667,
                    "time": 24.223888834
                },
                {
                    "PI": 3.1415854346666667,
                    "time": 24.223510178
                },
                {
                    "PI": 3.1415854346666667,
                    "time": 24.226701535
                }
            ]
        },
        "3": {
            "mean_time": 14.4501697557,
            "times": [
                {
                    "PI": 3.141583236,
                    "time": 14.413281413
                },
                {
                    "PI": 3.141583236,
                    "time": 14.425799949
                },
                {
                    "PI": 3.141583236,
                    "time": 14.439938117
                },
                {
                    "PI": 3.141583236,
                    "time": 14.429647704
                },
                {
                    "PI": 3.141583236,
                    "time": 14.434251087
                },
                {
                    "PI": 3.141583236,
                    "time": 14.430246491
                },
                {
                    "PI": 3.141583236,
                    "time": 14.424955139
                },
                {
                    "PI": 3.141583236,
                    "time": 14.42927626
                },
                {
                    "PI": 3.141583236,
                    "time": 14.626244568
                },
                {
                    "PI": 3.141583236,
                    "time": 14.448056829
                }
            ]
        },
        "4": {
            "mean_time": 10.8344577478,
            "times": [
                {
                    "PI": 3.1415915146666666,
                    "time": 10.855884698
                },
                {
                    "PI": 3.1415915146666666,
                    "time": 10.840877994
                },
                {
                    "PI": 3.1415915146666666,
                    "time": 10.821005094
                },
                {
                    "PI": 3.1415915146666666,
                    "time": 10.827556421
                },
                {
                    "PI": 3.1415915146666666,
                    "time": 10.830475266
                },
                {
                    "PI": 3.1415915146666666,
                    "time": 10.830916029
                },
                {
                    "PI": 3.1415915146666666,
                    "time": 10.821405582
                },
                {
                    "PI": 3.1415915146666666,
                    "time": 10.83135445
                },
                {
                    "PI": 3.1415915146666666,
                    "time": 10.845649902
                },
                {
                    "PI": 3.1415915146666666,
                    "time": 10.839452042
                }
            ]
        },
        "6": {
            "mean_time": 7.461737676199999,
            "times": [
                {
                    "PI": 3.141578368,
                    "time": 7.423221625
                },
                {
                    "PI": 3.141578368,
                    "time": 7.450766692
                },
                {
                    "PI": 3.141578368,
                    "time": 7.422205678
                },
                {
                    "PI": 3.141578368,
                    "time": 7.421988381
                },
                {
                    "PI": 3.141578368,
                    "time": 7.465622346
                },
                {
                    "PI": 3.141578368,
                    "time": 7.491004667
                },
                {
                    "PI": 3.141578368,
                    "time": 7.475731904
                },
                {
                    "PI": 3.141578368,
                    "time": 7.498353523
                },
                {
                    "PI": 3.141578368,
                    "time": 7.469576054
                },
                {
                    "PI": 3.141578368,
                    "time": 7.498905892
                }
            ]
        },
        "8": {
            "mean_time": 6.2544320857,
            "times": [
                {
                    "PI": 3.141571786666667,
                    "time": 6.250771169
                },
                {
                    "PI": 3.141571786666667,
                    "time": 6.240757275
                },
                {
                    "PI": 3.141571786666667,
                    "time": 6.245938957
                },
                {
                    "PI": 3.141571786666667,
                    "time": 6.248103055
                },
                {
                    "PI": 3.141571786666667,
                    "time": 6.269140728
                },
                {
                    "PI": 3.141571786666667,
                    "time": 6.254365518
                },
                {
                    "PI": 3.141571786666667,
                    "time": 6.257264455
                },
                {
                    "PI": 3.141571786666667,
                    "time": 6.267078997
                },
                {
                    "PI": 3.141571786666667,
                    "time": 6.259920575
                },
                {
                    "PI": 3.141571786666667,
                    "time": 6.250980128
                }
            ]
        },
        "12": {
            "mean_time": 4.209852945100001,
            "times": [
                {
                    "PI": 3.141598176,
                    "time": 4.208371691
                },
                {
                    "PI": 3.141598176,
                    "time": 4.209668827
                },
                {
                    "PI": 3.141598176,
                    "time": 4.207971333
                },
                {
                    "PI": 3.141598176,
                    "time": 4.211323689
                },
                {
                    "PI": 3.141598176,
                    "time": 4.208556235
                },
                {
                    "PI": 3.141598176,
                    "time": 4.210315557
                },
                {
                    "PI": 3.141598176,
                    "time": 4.208456383
                },
                {
                    "PI": 3.141598176,
                    "time": 4.207240733
                },
                {
                    "PI": 3.141598176,
                    "time": 4.214497663
                },
                {
                    "PI": 3.141598176,
                    "time": 4.21212734
                }
            ]
        }
    },
    "('0', '3200000000')": {
        "2": {
            "mean_time": 25.839058647199998,
            "times": [
                {
                    "PI": 3.1415826125,
                    "time": 25.83952003
                },
                {
                    "PI": 3.1415826125,
                    "time": 25.838446503
                },
                {
                    "PI": 3.1415826125,
                    "time": 25.839578331
                },
                {
                    "PI": 3.1415826125,
                    "time": 25.838638439
                },
                {
                    "PI": 3.1415826125,
                    "time": 25.838634552
                },
                {
                    "PI": 3.1415826125,
                    "time": 25.838798425
                },
                {
                    "PI": 3.1415826125,
                    "time": 25.840007494
                },
                {
                    "PI": 3.1415826125,
                    "time": 25.84012053
                },
                {
                    "PI": 3.1415826125,
                    "time": 25.8386116
                },
                {
                    "PI": 3.1415826125,
                    "time": 25.838230568
                }
            ]
        },
        "3": {
            "mean_time": 15.3950167067,
            "times": [
                {
                    "PI": 3.14158286625,
                    "time": 15.423945218
                },
                {
                    "PI": 3.14158286625,
                    "time": 15.384349524
                },
                {
                    "PI": 3.14158286625,
                    "time": 15.401862161
                },
                {
                    "PI": 3.14158286625,
                    "time": 15.387715344
                },
                {
                    "PI": 3.14158286625,
                    "time": 15.385330685
                },
                {
                    "PI": 3.14158286625,
                    "time": 15.386265456
                },
                {
                    "PI": 3.14158286625,
                    "time": 15.390585787
                },
                {
                    "PI": 3.14158286625,
                    "time": 15.397602636
                },
                {
                    "PI": 3.14158286625,
                    "time": 15.397361564
                },
                {
                    "PI": 3.14158286625,
                    "time": 15.395148692
                }
            ]
        },
        "4": {
            "mean_time": 11.548800343500002,
            "times": [
                {
                    "PI": 3.141583695,
                    "time": 11.543971849
                },
                {
                    "PI": 3.141583695,
                    "time": 11.554024778
                },
                {
                    "PI": 3.141583695,
                    "time": 11.56273303
                },
                {
                    "PI": 3.141583695,
                    "time": 11.547500994
                },
                {
                    "PI": 3.141583695,
                    "time": 11.558675352
                },
                {
                    "PI": 3.141583695,
                    "time": 11.541393016
                },
                {
                    "PI": 3.141583695,
                    "time": 11.551123587
                },
                {
                    "PI": 3.141583695,
                    "time": 11.544168176
                },
                {
                    "PI": 3.141583695,
                    "time": 11.543573088
                },
                {
                    "PI": 3.141583695,
                    "time": 11.540839565
                }
            ]
        },
        "6": {
            "mean_time": 7.974898473900001,
            "times": [
                {
                    "PI": 3.141585435,
                    "time": 7.930947521
                },
                {
                    "PI": 3.141585435,
                    "time": 7.996871529
                },
                {
                    "PI": 3.141585435,
                    "time": 8.000967731
                },
                {
                    "PI": 3.141585435,
                    "time": 7.995898545
                },
                {
                    "PI": 3.141585435,
                    "time": 7.938900675
                },
                {
                    "PI": 3.141585435,
                    "time": 7.952005583
                },
                {
                    "PI": 3.141585435,
                    "time": 7.97389511
                },
                {
                    "PI": 3.141585435,
                    "time": 7.981574179
                },
                {
                    "PI": 3.141585435,
                    "time": 7.972800942
                },
                {
                    "PI": 3.141585435,
                    "time": 8.005122924
                }
            ]
        },
        "8": {
            "mean_time": 6.675894856899999,
            "times": [
                {
                    "PI": 3.14158429,
                    "time": 6.665964975
                },
                {
                    "PI": 3.14158429,
                    "time": 6.705768608
                },
                {
                    "PI": 3.14158429,
                    "time": 6.64567818
                },
                {
                    "PI": 3.14158429,
                    "time": 6.662828333
                },
                {
                    "PI": 3.14158429,
                    "time": 6.690987977
                },
                {
                    "PI": 3.14158429,
                    "time": 6.655232514
                },
                {
                    "PI": 3.14158429,
                    "time": 6.699066883
                },
                {
                    "PI": 3.14158429,
                    "time": 6.666634258
                },
                {
                    "PI": 3.14158429,
                    "time": 6.672015752
                },
                {
                    "PI": 3.14158429,
                    "time": 6.694771089
                }
            ]
        },
        "12": {
            "mean_time": 4.489851976100001,
            "times": [
                {
                    "PI": 3.14158533,
                    "time": 4.487023613
                },
                {
                    "PI": 3.14158533,
                    "time": 4.490720709
                },
                {
                    "PI": 3.14158533,
                    "time": 4.489836885
                },
                {
                    "PI": 3.14158533,
                    "time": 4.486553863
                },
                {
                    "PI": 3.14158533,
                    "time": 4.486958809
                },
                {
                    "PI": 3.14158533,
                    "time": 4.489914805
                },
                {
                    "PI": 3.14158533,
                    "time": 4.490057407
                },
                {
                    "PI": 3.14158533,
                    "time": 4.486251813
                },
                {
                    "PI": 3.14158533,
                    "time": 4.498294036
                },
                {
                    "PI": 3.14158533,
                    "time": 4.492907821
                }
            ]
        }
    },
    "('0', '3400000000')": {
        "2": {
            "mean_time": 27.455645072499998,
            "times": [
                {
                    "PI": 3.1415862964705883,
                    "time": 27.453102689
                },
                {
                    "PI": 3.1415862964705883,
                    "time": 27.45545112
                },
                {
                    "PI": 3.1415862964705883,
                    "time": 27.453105975
                },
                {
                    "PI": 3.1415862964705883,
                    "time": 27.453156122
                },
                {
                    "PI": 3.1415862964705883,
                    "time": 27.454669904
                },
                {
                    "PI": 3.1415862964705883,
                    "time": 27.465631844
                },
                {
                    "PI": 3.1415862964705883,
                    "time": 27.457065896
                },
                {
                    "PI": 3.1415862964705883,
                    "time": 27.455346861
                },
                {
                    "PI": 3.1415862964705883,
                    "time": 27.45559095
                },
                {
                    "PI": 3.1415862964705883,
                    "time": 27.453329364
                }
            ]
        },
        "3": {
            "mean_time": 16.3659729803,
            "times": [
                {
                    "PI": 3.141581385882353,
                    "time": 16.340342178
                },
                {
                    "PI": 3.141581385882353,
                    "time": 16.381765765
                },
                {
                    "PI": 3.141581385882353,
                    "time": 16.350280117
                },
                {
                    "PI": 3.141581385882353,
                    "time": 16.353715801
                },
                {
                    "PI": 3.141581385882353,
                    "time": 16.359148795
                },
                {
                    "PI": 3.141581385882353,
                    "time": 16.44262104
                },
                {
                    "PI": 3.141581385882353,
                    "time": 16.357228264
                },
                {
                    "PI": 3.141581385882353,
                    "time": 16.355793714
                },
                {
                    "PI": 3.141581385882353,
                    "time": 16.356358927
                },
                {
                    "PI": 3.141581385882353,
                    "time": 16.362475202
                }
            ]
        },
        "4": {
            "mean_time": 12.278925196599998,
            "times": [
                {
                    "PI": 3.1415877505882355,
                    "time": 12.272650723
                },
                {
                    "PI": 3.1415877505882355,
                    "time": 12.269209577
                },
                {
                    "PI": 3.1415877505882355,
                    "time": 12.28536349
                },
                {
                    "PI": 3.1415877505882355,
                    "time": 12.270260081
                },
                {
                    "PI": 3.1415877505882355,
                    "time": 12.303687652
                },
                {
                    "PI": 3.1415877505882355,
                    "time": 12.279858629
                },
                {
                    "PI": 3.1415877505882355,
                    "time": 12.269919118
                },
                {
                    "PI": 3.1415877505882355,
                    "time": 12.271229779
                },
                {
                    "PI": 3.1415877505882355,
                    "time": 12.299097455
                },
                {
                    "PI": 3.1415877505882355,
                    "time": 12.267975462
                }
            ]
        },
        "6": {
            "mean_time": 8.460815005399999,
            "times": [
                {
                    "PI": 3.1415804752941177,
                    "time": 8.443257192
                },
                {
                    "PI": 3.1415804752941177,
                    "time": 8.434747151
                },
                {
                    "PI": 3.1415804752941177,
                    "time": 8.465607311
                },
                {
                    "PI": 3.1415804752941177,
                    "time": 8.426216521
                },
                {
                    "PI": 3.1415804752941177,
                    "time": 8.43318634
                },
                {
                    "PI": 3.1415804752941177,
                    "time": 8.471793651
                },
                {
                    "PI": 3.1415804752941177,
                    "time": 8.47522198
                },
                {
                    "PI": 3.1415804752941177,
                    "time": 8.463713642
                },
                {
                    "PI": 3.1415804752941177,
                    "time": 8.491982998
                },
                {
                    "PI": 3.1415804752941177,
                    "time": 8.502423268
                }
            ]
        },
        "8": {
            "mean_time": 7.0943526205,
            "times": [
                {
                    "PI": 3.141580197647059,
                    "time": 7.077327318
                },
                {
                    "PI": 3.141580197647059,
                    "time": 7.087925291
                },
                {
                    "PI": 3.141580197647059,
                    "time": 7.061727116
                },
                {
                    "PI": 3.141580197647059,
                    "time": 7.136419342
                },
                {
                    "PI": 3.141580197647059,
                    "time": 7.091908946
                },
                {
                    "PI": 3.141580197647059,
                    "time": 7.079194426
                },
                {
                    "PI": 3.141580197647059,
                    "time": 7.100214777
                },
                {
                    "PI": 3.141580197647059,
                    "time": 7.096107994
                },
                {
                    "PI": 3.141580197647059,
                    "time": 7.093991919
                },
                {
                    "PI": 3.141580197647059,
                    "time": 7.118709076
                }
            ]
        },
        "12": {
            "mean_time": 4.7730578646,
            "times": [
                {
                    "PI": 3.141591077647059,
                    "time": 4.770385672
                },
                {
                    "PI": 3.141591077647059,
                    "time": 4.766534862
                },
                {
                    "PI": 3.141591077647059,
                    "time": 4.772375116
                },
                {
                    "PI": 3.141591077647059,
                    "time": 4.769185542
                },
                {
                    "PI": 3.141591077647059,
                    "time": 4.769292037
                },
                {
                    "PI": 3.141591077647059,
                    "time": 4.800957831
                },
                {
                    "PI": 3.141591077647059,
                    "time": 4.767926409
                },
                {
                    "PI": 3.141591077647059,
                    "time": 4.766313949
                },
                {
                    "PI": 3.141591077647059,
                    "time": 4.769778348
                },
                {
                    "PI": 3.141591077647059,
                    "time": 4.77782888
                }
            ]
        }
    },
    "('0', '3600000000')": {
        "2": {
            "mean_time": 29.0680539669,
            "times": [
                {
                    "PI": 3.141584213333333,
                    "time": 29.067260481
                },
                {
                    "PI": 3.141584213333333,
                    "time": 29.06778779
                },
                {
                    "PI": 3.141584213333333,
                    "time": 29.068263744
                },
                {
                    "PI": 3.141584213333333,
                    "time": 29.068803879
                },
                {
                    "PI": 3.141584213333333,
                    "time": 29.068065154
                },
                {
                    "PI": 3.141584213333333,
                    "time": 29.068278733
                },
                {
                    "PI": 3.141584213333333,
                    "time": 29.067602778
                },
                {
                    "PI": 3.141584213333333,
                    "time": 29.068735108
                },
                {
                    "PI": 3.141584213333333,
                    "time": 29.067557499
                },
                {
                    "PI": 3.141584213333333,
                    "time": 29.068184503
                }
            ]
        },
        "3": {
            "mean_time": 17.302792894200003,
            "times": [
                {
                    "PI": 3.14158079,
                    "time": 17.214894602
                },
                {
                    "PI": 3.14158079,
                    "time": 17.306655484
                },
                {
                    "PI": 3.14158079,
                    "time": 17.307974794
                },
                {
                    "PI": 3.14158079,
                    "time": 17.309832994
                },
                {
                    "PI": 3.14158079,
                    "time": 17.321730959
                },
                {
                    "PI": 3.14158079,
                    "time": 17.31185505
                },
                {
                    "PI": 3.14158079,
                    "time": 17.318795813
                },
                {
                    "PI": 3.14158079,
                    "time": 17.314741232
                },
                {
                    "PI": 3.14158079,
                    "time": 17.310638578
                },
                {
                    "PI": 3.14158079,
                    "time": 17.310809436
                }
            ]
        },
        "4": {
            "mean_time": 13.003850009999999,
            "times": [
                {
                    "PI": 3.14158136,
                    "time": 12.983690808
                },
                {
                    "PI": 3.14158136,
                    "time": 12.98671785
                },
                {
                    "PI": 3.14158136,
                    "time": 13.007690309
                },
                {
                    "PI": 3.14158136,
                    "time": 12.986667754
                },
                {
                    "PI": 3.14158136,
                    "time": 12.99267557
                },
                {
                    "PI": 3.14158136,
                    "time": 12.990529416
                },
                {
                    "PI": 3.14158136,
                    "time": 12.99550891
                },
                {
                    "PI": 3.14158136,
                    "time": 13.08036142
                },
                {
                    "PI": 3.14158136,
                    "time": 13.020593541
                },
                {
                    "PI": 3.14158136,
                    "time": 12.994064522
                }
            ]
        },
        "6": {
            "mean_time": 9.0140220492,
            "times": [
                {
                    "PI": 3.14158566,
                    "time": 8.914921357
                },
                {
                    "PI": 3.14158566,
                    "time": 8.995363343
                },
                {
                    "PI": 3.14158566,
                    "time": 8.999815317
                },
                {
                    "PI": 3.14158566,
                    "time": 9.333354152
                },
                {
                    "PI": 3.14158566,
                    "time": 8.948562798
                },
                {
                    "PI": 3.14158566,
                    "time": 8.987301871
                },
                {
                    "PI": 3.14158566,
                    "time": 8.993229364
                },
                {
                    "PI": 3.14158566,
                    "time": 8.977081472
                },
                {
                    "PI": 3.14158566,
                    "time": 8.97279142
                },
                {
                    "PI": 3.14158566,
                    "time": 9.017799398
                }
            ]
        },
        "8": {
            "mean_time": 7.508579038400001,
            "times": [
                {
                    "PI": 3.1415957955555553,
                    "time": 7.495045763
                },
                {
                    "PI": 3.1415957955555553,
                    "time": 7.500676776
                },
                {
                    "PI": 3.1415957955555553,
                    "time": 7.526021054
                },
                {
                    "PI": 3.1415957955555553,
                    "time": 7.495246998
                },
                {
                    "PI": 3.1415957955555553,
                    "time": 7.518664243
                },
                {
                    "PI": 3.1415957955555553,
                    "time": 7.508705546
                },
                {
                    "PI": 3.1415957955555553,
                    "time": 7.492159791
                },
                {
                    "PI": 3.1415957955555553,
                    "time": 7.490153716
                },
                {
                    "PI": 3.1415957955555553,
                    "time": 7.536694662
                },
                {
                    "PI": 3.1415957955555553,
                    "time": 7.522421835
                }
            ]
        },
        "12": {
            "mean_time": 5.050732822900001,
            "times": [
                {
                    "PI": 3.1415743733333334,
                    "time": 5.047677979
                },
                {
                    "PI": 3.1415743733333334,
                    "time": 5.047609407
                },
                {
                    "PI": 3.1415743733333334,
                    "time": 5.052078183
                },
                {
                    "PI": 3.1415743733333334,
                    "time": 5.053611592
                },
                {
                    "PI": 3.1415743733333334,
                    "time": 5.047561787
                },
                {
                    "PI": 3.1415743733333334,
                    "time": 5.049159929
                },
                {
                    "PI": 3.1415743733333334,
                    "time": 5.047984315
                },
                {
                    "PI": 3.1415743733333334,
                    "time": 5.05269281
                },
                {
                    "PI": 3.1415743733333334,
                    "time": 5.058533255
                },
                {
                    "PI": 3.1415743733333334,
                    "time": 5.050418972
                }
            ]
        }
    },
    "('0', '3800000000')": {
        "2": {
            "mean_time": 30.684376568700003,
            "times": [
                {
                    "PI": 3.1415876863157894,
                    "time": 30.682692475
                },
                {
                    "PI": 3.1415876863157894,
                    "time": 30.68611173
                },
                {
                    "PI": 3.1415876863157894,
                    "time": 30.68245998
                },
                {
                    "PI": 3.1415876863157894,
                    "time": 30.684042483
                },
                {
                    "PI": 3.1415876863157894,
                    "time": 30.683407927
                },
                {
                    "PI": 3.1415876863157894,
                    "time": 30.686275934
                },
                {
                    "PI": 3.1415876863157894,
                    "time": 30.683319408
                },
                {
                    "PI": 3.1415876863157894,
                    "time": 30.687032735
                },
                {
                    "PI": 3.1415876863157894,
                    "time": 30.683572172
                },
                {
                    "PI": 3.1415876863157894,
                    "time": 30.684850843
                }
            ]
        },
        "3": {
            "mean_time": 18.2759364232,
            "times": [
                {
                    "PI": 3.141581870526316,
                    "time": 18.269252557
                },
                {
                    "PI": 3.141581870526316,
                    "time": 18.270876349
                },
                {
                    "PI": 3.141581870526316,
                    "time": 18.268795381
                },
                {
                    "PI": 3.141581870526316,
                    "time": 18.276378396
                },
                {
                    "PI": 3.141581870526316,
                    "time": 18.271819206
                },
                {
                    "PI": 3.141581870526316,
                    "time": 18.311355707
                },
                {
                    "PI": 3.141581870526316,
                    "time": 18.268385385
                },
                {
                    "PI": 3.141581870526316,
                    "time": 18.270606653
                },
                {
                    "PI": 3.141581870526316,
                    "time": 18.279033664
                },
                {
                    "PI": 3.141581870526316,
                    "time": 18.272860934
                }
            ]
        },
        "4": {
            "mean_time": 13.747156053500001,
            "times": [
                {
                    "PI": 3.141593271578947,
                    "time": 13.774415338
                },
                {
                    "PI": 3.141593271578947,
                    "time": 13.730912424
                },
                {
                    "PI": 3.141593271578947,
                    "time": 13.771043404
                },
                {
                    "PI": 3.141593271578947,
                    "time": 13.715404609
                },
                {
                    "PI": 3.141593271578947,
                    "time": 13.798459784
                },
                {
                    "PI": 3.141593271578947,
                    "time": 13.721142347
                },
                {
                    "PI": 3.141593271578947,
                    "time": 13.715075568
                },
                {
                    "PI": 3.141593271578947,
                    "time": 13.740660558
                },
                {
                    "PI": 3.141593271578947,
                    "time": 13.7901569
                },
                {
                    "PI": 3.141593271578947,
                    "time": 13.714289603
                }
            ]
        },
        "6": {
            "mean_time": 9.4518049596,
            "times": [
                {
                    "PI": 3.141582612631579,
                    "time": 9.432049455
                },
                {
                    "PI": 3.141582612631579,
                    "time": 9.419736504
                },
                {
                    "PI": 3.141582612631579,
                    "time": 9.401316257
                },
                {
                    "PI": 3.141582612631579,
                    "time": 9.422078302
                },
                {
                    "PI": 3.141582612631579,
                    "time": 9.410427421
                },
                {
                    "PI": 3.141582612631579,
                    "time": 9.46853613
                },
                {
                    "PI": 3.141582612631579,
                    "time": 9.488699177
                },
                {
                    "PI": 3.141582612631579,
                    "time": 9.535897023
                },
                {
                    "PI": 3.141582612631579,
                    "time": 9.469139676
                },
                {
                    "PI": 3.141582612631579,
                    "time": 9.470169651
                }
            ]
        },
        "8": {
            "mean_time": 7.908575888500001,
            "times": [
                {
                    "PI": 3.141593802105263,
                    "time": 7.932061917
                },
                {
                    "PI": 3.141593802105263,
                    "time": 7.920559951
                },
                {
                    "PI": 3.141593802105263,
                    "time": 7.932028854
                },
                {
                    "PI": 3.141593802105263,
                    "time": 7.912837318
                },
                {
                    "PI": 3.141593802105263,
                    "time": 7.906077732
                },
                {
                    "PI": 3.141593802105263,
                    "time": 7.934000783
                },
                {
                    "PI": 3.141593802105263,
                    "time": 7.907293623
                },
                {
                    "PI": 3.141593802105263,
                    "time": 7.917616679
                },
                {
                    "PI": 3.141593802105263,
                    "time": 7.785098627
                },
                {
                    "PI": 3.141593802105263,
                    "time": 7.938183401
                }
            ]
        },
        "12": {
            "mean_time": 5.329680363,
            "times": [
                {
                    "PI": 3.1415928884210524,
                    "time": 5.327246707
                },
                {
                    "PI": 3.1415928884210524,
                    "time": 5.329775795
                },
                {
                    "PI": 3.1415928884210524,
                    "time": 5.32764479
                },
                {
                    "PI": 3.1415928884210524,
                    "time": 5.332384826
                },
                {
                    "PI": 3.1415928884210524,
                    "time": 5.328451948
                },
                {
                    "PI": 3.1415928884210524,
                    "time": 5.329987621
                },
                {
                    "PI": 3.1415928884210524,
                    "time": 5.331783172
                },
                {
                    "PI": 3.1415928884210524,
                    "time": 5.326903159
                },
                {
                    "PI": 3.1415928884210524,
                    "time": 5.33050852
                },
                {
                    "PI": 3.1415928884210524,
                    "time": 5.332117092
                }
            ]
        }
    },
    "('0', '4000000000')": {
        "2": {
            "mean_time": 32.2976717368,
            "times": [
                {
                    "PI": 3.141586772,
                    "time": 32.297285111
                },
                {
                    "PI": 3.141586772,
                    "time": 32.297279641
                },
                {
                    "PI": 3.141586772,
                    "time": 32.29870399
                },
                {
                    "PI": 3.141586772,
                    "time": 32.298775588
                },
                {
                    "PI": 3.141586772,
                    "time": 32.298795084
                },
                {
                    "PI": 3.141586772,
                    "time": 32.297763748
                },
                {
                    "PI": 3.141586772,
                    "time": 32.291287004
                },
                {
                    "PI": 3.141586772,
                    "time": 32.299165054
                },
                {
                    "PI": 3.141586772,
                    "time": 32.298742644
                },
                {
                    "PI": 3.141586772,
                    "time": 32.298919504
                }
            ]
        },
        "3": {
            "mean_time": 19.2271851415,
            "times": [
                {
                    "PI": 3.141581901,
                    "time": 19.086674057
                },
                {
                    "PI": 3.141581901,
                    "time": 19.233108874
                },
                {
                    "PI": 3.141581901,
                    "time": 19.241017222
                },
                {
                    "PI": 3.141581901,
                    "time": 19.239433066
                },
                {
                    "PI": 3.141581901,
                    "time": 19.232175424
                },
                {
                    "PI": 3.141581901,
                    "time": 19.248021338
                },
                {
                    "PI": 3.141581901,
                    "time": 19.263091913
                },
                {
                    "PI": 3.141581901,
                    "time": 19.227813864
                },
                {
                    "PI": 3.141581901,
                    "time": 19.264539658
                },
                {
                    "PI": 3.141581901,
                    "time": 19.235975999
                }
            ]
        },
        "4": {
            "mean_time": 14.4363061902,
            "times": [
                {
                    "PI": 3.141583236,
                    "time": 14.425168067
                },
                {
                    "PI": 3.141583236,
                    "time": 14.436930092
                },
                {
                    "PI": 3.141583236,
                    "time": 14.433503745
                },
                {
                    "PI": 3.141583236,
                    "time": 14.435896611
                },
                {
                    "PI": 3.141583236,
                    "time": 14.434043959
                },
                {
                    "PI": 3.141583236,
                    "time": 14.432665989
                },
                {
                    "PI": 3.141583236,
                    "time": 14.426634198
                },
                {
                    "PI": 3.141583236,
                    "time": 14.427736552
                },
                {
                    "PI": 3.141583236,
                    "time": 14.478639297
                },
                {
                    "PI": 3.141583236,
                    "time": 14.431843392
                }
            ]
        },
        "6": {
            "mean_time": 9.9355426625,
            "times": [
                {
                    "PI": 3.141586398,
                    "time": 9.913520847
                },
                {
                    "PI": 3.141586398,
                    "time": 9.914962762
                },
                {
                    "PI": 3.141586398,
                    "time": 9.940415336
                },
                {
                    "PI": 3.141586398,
                    "time": 9.898541456
                },
                {
                    "PI": 3.141586398,
                    "time": 9.927455797
                },
                {
                    "PI": 3.141586398,
                    "time": 9.91246808
                },
                {
                    "PI": 3.141586398,
                    "time": 9.924430558
                },
                {
                    "PI": 3.141586398,
                    "time": 9.981743001
                },
                {
                    "PI": 3.141586398,
                    "time": 9.951616858
                },
                {
                    "PI": 3.141586398,
                    "time": 9.99027193
                }
            ]
        },
        "8": {
            "mean_time": 8.3456417567,
            "times": [
                {
                    "PI": 3.141578368,
                    "time": 8.318294943
                },
                {
                    "PI": 3.141578368,
                    "time": 8.42703537
                },
                {
                    "PI": 3.141578368,
                    "time": 8.350495964
                },
                {
                    "PI": 3.141578368,
                    "time": 8.33253131
                },
                {
                    "PI": 3.141578368,
                    "time": 8.347226698
                },
                {
                    "PI": 3.141578368,
                    "time": 8.287071987
                },
                {
                    "PI": 3.141578368,
                    "time": 8.346421333
                },
                {
                    "PI": 3.141578368,
                    "time": 8.36913486
                },
                {
                    "PI": 3.141578368,
                    "time": 8.357809803
                },
                {
                    "PI": 3.141578368,
                    "time": 8.320395299
                }
            ]
        },
        "12": {
            "mean_time": 5.6102164335,
            "times": [
                {
                    "PI": 3.141583524,
                    "time": 5.613095904
                },
                {
                    "PI": 3.141583524,
                    "time": 5.607969769
                },
                {
                    "PI": 3.141583524,
                    "time": 5.607081737
                },
                {
                    "PI": 3.141583524,
                    "time": 5.607588479
                },
                {
                    "PI": 3.141583524,
                    "time": 5.607878434
                },
                {
                    "PI": 3.141583524,
                    "time": 5.608377401
                },
                {
                    "PI": 3.141583524,
                    "time": 5.610507463
                },
                {
                    "PI": 3.141583524,
                    "time": 5.616975391
                },
                {
                    "PI": 3.141583524,
                    "time": 5.612701679
                },
                {
                    "PI": 3.141583524,
                    "time": 5.609988078
                }
            ]
        }
    },
    "('0', '4200000000')": {
        "2": {
            "mean_time": 33.9455161323,
            "times": [
                {
                    "PI": 3.141587304761905,
                    "time": 33.909849569
                },
                {
                    "PI": 3.141587304761905,
                    "time": 33.915596635
                },
                {
                    "PI": 3.141587304761905,
                    "time": 33.913385026
                },
                {
                    "PI": 3.141587304761905,
                    "time": 34.238527086
                },
                {
                    "PI": 3.141587304761905,
                    "time": 33.912296038
                },
                {
                    "PI": 3.141587304761905,
                    "time": 33.912549815
                },
                {
                    "PI": 3.141587304761905,
                    "time": 33.913119676
                },
                {
                    "PI": 3.141587304761905,
                    "time": 33.913794811
                },
                {
                    "PI": 3.141587304761905,
                    "time": 33.912669002
                },
                {
                    "PI": 3.141587304761905,
                    "time": 33.913373665
                }
            ]
        },
        "3": {
            "mean_time": 20.192674884600002,
            "times": [
                {
                    "PI": 3.141582882857143,
                    "time": 20.163429982
                },
                {
                    "PI": 3.141582882857143,
                    "time": 20.191080851
                },
                {
                    "PI": 3.141582882857143,
                    "time": 20.198330436
                },
                {
                    "PI": 3.141582882857143,
                    "time": 20.189469042
                },
                {
                    "PI": 3.141582882857143,
                    "time": 20.201879951
                },
                {
                    "PI": 3.141582882857143,
                    "time": 20.208763865
                },
                {
                    "PI": 3.141582882857143,
                    "time": 20.196324392
                },
                {
                    "PI": 3.141582882857143,
                    "time": 20.191357712
                },
                {
                    "PI": 3.141582882857143,
                    "time": 20.193134858
                },
                {
                    "PI": 3.141582882857143,
                    "time": 20.192977757
                }
            ]
        },
        "4": {
            "mean_time": 15.161803955,
            "times": [
                {
                    "PI": 3.141586259047619,
                    "time": 15.153843645
                },
                {
                    "PI": 3.141586259047619,
                    "time": 15.148463634
                },
                {
                    "PI": 3.141586259047619,
                    "time": 15.168405617
                },
                {
                    "PI": 3.141586259047619,
                    "time": 15.148568464
                },
                {
                    "PI": 3.141586259047619,
                    "time": 15.160046715
                },
                {
                    "PI": 3.141586259047619,
                    "time": 15.152608918
                },
                {
                    "PI": 3.141586259047619,
                    "time": 15.17732898
                },
                {
                    "PI": 3.141586259047619,
                    "time": 15.152354871
                },
                {
                    "PI": 3.141586259047619,
                    "time": 15.160102342
                },
                {
                    "PI": 3.141586259047619,
                    "time": 15.196316364
                }
            ]
        },
        "6": {
            "mean_time": 10.458345736900002,
            "times": [
                {
                    "PI": 3.141579022857143,
                    "time": 10.39165266
                },
                {
                    "PI": 3.141579022857143,
                    "time": 10.407065139
                },
                {
                    "PI": 3.141579022857143,
                    "time": 10.411508848
                },
                {
                    "PI": 3.141579022857143,
                    "time": 10.479818941
                },
                {
                    "PI": 3.141579022857143,
                    "time": 10.434761427
                },
                {
                    "PI": 3.141579022857143,
                    "time": 10.427212217
                },
                {
                    "PI": 3.141579022857143,
                    "time": 10.582677092
                },
                {
                    "PI": 3.141579022857143,
                    "time": 10.484054489
                },
                {
                    "PI": 3.141579022857143,
                    "time": 10.499434429
                },
                {
                    "PI": 3.141579022857143,
                    "time": 10.465272127
                }
            ]
        },
        "8": {
            "mean_time": 8.755412973199999,
            "times": [
                {
                    "PI": 3.141574262857143,
                    "time": 8.747950218
                },
                {
                    "PI": 3.141574262857143,
                    "time": 8.755658653
                },
                {
                    "PI": 3.141574262857143,
                    "time": 8.746951103
                },
                {
                    "PI": 3.141574262857143,
                    "time": 8.751171663
                },
                {
                    "PI": 3.141574262857143,
                    "time": 8.769036054
                },
                {
                    "PI": 3.141574262857143,
                    "time": 8.747719987
                },
                {
                    "PI": 3.141574262857143,
                    "time": 8.753334328
                },
                {
                    "PI": 3.141574262857143,
                    "time": 8.770861733
                },
                {
                    "PI": 3.141574262857143,
                    "time": 8.752550515
                },
                {
                    "PI": 3.141574262857143,
                    "time": 8.758895478
                }
            ]
        },
        "12": {
            "mean_time": 5.8917015046,
            "times": [
                {
                    "PI": 3.1415922742857143,
                    "time": 5.890881846
                },
                {
                    "PI": 3.1415922742857143,
                    "time": 5.888771561
                },
                {
                    "PI": 3.1415922742857143,
                    "time": 5.890642438
                },
                {
                    "PI": 3.1415922742857143,
                    "time": 5.889529525
                },
                {
                    "PI": 3.1415922742857143,
                    "time": 5.890618973
                },
                {
                    "PI": 3.1415922742857143,
                    "time": 5.891125193
                },
                {
                    "PI": 3.1415922742857143,
                    "time": 5.889705561
                },
                {
                    "PI": 3.1415922742857143,
                    "time": 5.888386404
                },
                {
                    "PI": 3.1415922742857143,
                    "time": 5.901115973
                },
                {
                    "PI": 3.1415922742857143,
                    "time": 5.896237572
                }
            ]
        }
    },
    "('0', '4400000000')": {
        "2": {
            "mean_time": 35.5286350727,
            "times": [
                {
                    "PI": 3.1415885836363637,
                    "time": 35.526767091
                },
                {
                    "PI": 3.1415885836363637,
                    "time": 35.527603494
                },
                {
                    "PI": 3.1415885836363637,
                    "time": 35.527761596
                },
                {
                    "PI": 3.1415885836363637,
                    "time": 35.533655933
                },
                {
                    "PI": 3.1415885836363637,
                    "time": 35.527469085
                },
                {
                    "PI": 3.1415885836363637,
                    "time": 35.528436109
                },
                {
                    "PI": 3.1415885836363637,
                    "time": 35.5275744
                },
                {
                    "PI": 3.1415885836363637,
                    "time": 35.529593878
                },
                {
                    "PI": 3.1415885836363637,
                    "time": 35.528223262
                },
                {
                    "PI": 3.1415885836363637,
                    "time": 35.529265879
                }
            ]
        },
        "3": {
            "mean_time": 21.1682913245,
            "times": [
                {
                    "PI": 3.141582572727273,
                    "time": 21.139591304
                },
                {
                    "PI": 3.141582572727273,
                    "time": 21.143739505
                },
                {
                    "PI": 3.141582572727273,
                    "time": 21.169064787
                },
                {
                    "PI": 3.141582572727273,
                    "time": 21.157164177
                },
                {
                    "PI": 3.141582572727273,
                    "time": 21.155917677
                },
                {
                    "PI": 3.141582572727273,
                    "time": 21.156830668
                },
                {
                    "PI": 3.141582572727273,
                    "time": 21.163988587
                },
                {
                    "PI": 3.141582572727273,
                    "time": 21.287854425
                },
                {
                    "PI": 3.141582572727273,
                    "time": 21.153492741
                },
                {
                    "PI": 3.141582572727273,
                    "time": 21.155269374
                }
            ]
        },
        "4": {
            "mean_time": 15.8940711427,
            "times": [
                {
                    "PI": 3.1415825381818183,
                    "time": 15.884950393
                },
                {
                    "PI": 3.1415825381818183,
                    "time": 15.918966953
                },
                {
                    "PI": 3.1415825381818183,
                    "time": 15.866625269
                },
                {
                    "PI": 3.1415825381818183,
                    "time": 15.892158067
                },
                {
                    "PI": 3.1415825381818183,
                    "time": 15.871395381
                },
                {
                    "PI": 3.1415825381818183,
                    "time": 15.995993262
                },
                {
                    "PI": 3.1415825381818183,
                    "time": 15.883987918
                },
                {
                    "PI": 3.1415825381818183,
                    "time": 15.882244846
                },
                {
                    "PI": 3.1415825381818183,
                    "time": 15.868382266
                },
                {
                    "PI": 3.1415825381818183,
                    "time": 15.876007072
                }
            ]
        },
        "6": {
            "mean_time": 10.9510246098,
            "times": [
                {
                    "PI": 3.1415837345454545,
                    "time": 10.932786159
                },
                {
                    "PI": 3.1415837345454545,
                    "time": 10.903342042
                },
                {
                    "PI": 3.1415837345454545,
                    "time": 10.96002051
                },
                {
                    "PI": 3.1415837345454545,
                    "time": 10.89818656
                },
                {
                    "PI": 3.1415837345454545,
                    "time": 10.965447372
                },
                {
                    "PI": 3.1415837345454545,
                    "time": 10.940113904
                },
                {
                    "PI": 3.1415837345454545,
                    "time": 10.93905795
                },
                {
                    "PI": 3.1415837345454545,
                    "time": 11.014994991
                },
                {
                    "PI": 3.1415837345454545,
                    "time": 10.942208127
                },
                {
                    "PI": 3.1415837345454545,
                    "time": 11.014088483
                }
            ]
        },
        "8": {
            "mean_time": 9.1683415205,
            "times": [
                {
                    "PI": 3.141593738181818,
                    "time": 9.160174533
                },
                {
                    "PI": 3.141593738181818,
                    "time": 9.183764177
                },
                {
                    "PI": 3.141593738181818,
                    "time": 9.13404025
                },
                {
                    "PI": 3.141593738181818,
                    "time": 9.152353011
                },
                {
                    "PI": 3.141593738181818,
                    "time": 9.170928476
                },
                {
                    "PI": 3.141593738181818,
                    "time": 9.162642242
                },
                {
                    "PI": 3.141593738181818,
                    "time": 9.177826176
                },
                {
                    "PI": 3.141593738181818,
                    "time": 9.181684441
                },
                {
                    "PI": 3.141593738181818,
                    "time": 9.202511741
                },
                {
                    "PI": 3.141593738181818,
                    "time": 9.157490158
                }
            ]
        },
        "12": {
            "mean_time": 6.171962607599999,
            "times": [
                {
                    "PI": 3.1415763818181817,
                    "time": 6.169228504
                },
                {
                    "PI": 3.1415763818181817,
                    "time": 6.170683291
                },
                {
                    "PI": 3.1415763818181817,
                    "time": 6.170641411
                },
                {
                    "PI": 3.1415763818181817,
                    "time": 6.169246097
                },
                {
                    "PI": 3.1415763818181817,
                    "time": 6.17102179
                },
                {
                    "PI": 3.1415763818181817,
                    "time": 6.172679778
                },
                {
                    "PI": 3.1415763818181817,
                    "time": 6.179282594
                },
                {
                    "PI": 3.1415763818181817,
                    "time": 6.169476869
                },
                {
                    "PI": 3.1415763818181817,
                    "time": 6.170710764
                },
                {
                    "PI": 3.1415763818181817,
                    "time": 6.176654978
                }
            ]
        }
    }
}