{
    "('0', '2200000000')": {
        "mean_time": 34.23302489999999,
        "times": [
            {
                "PI": 3.1415885836363637,
                "time": 33.712934
            },
            {
                "PI": 3.1415885836363637,
                "time": 34.495947
            },
            {
                "PI": 3.1415885836363637,
                "time": 33.860965
            },
            {
                "PI": 3.1415885836363637,
                "time": 34.592502
            },
            {
                "PI": 3.1415885836363637,
                "time": 34.008153
            },
            {
                "PI": 3.1415885836363637,
                "time": 34.583428
            },
            {
                "PI": 3.1415885836363637,
                "time": 34.039968
            },
            {
                "PI": 3.1415885836363637,
                "time": 34.567188
            },
            {
                "PI": 3.1415885836363637,
                "time": 33.891417
            },
            {
                "PI": 3.1415885836363637,
                "time": 34.577747
            }
        ]
    },
    "('0', '2400000000')": {
        "mean_time": 37.4613331,
        "times": [
            {
                "PI": 3.14158947,
                "time": 37.723021
            },
            {
                "PI": 3.14158947,
                "time": 37.652203
            },
            {
                "PI": 3.14158947,
                "time": 37.72967
            },
            {
                "PI": 3.14158947,
                "time": 37.724393
            },
            {
                "PI": 3.14158947,
                "time": 37.307267
            },
            {
                "PI": 3.14158947,
                "time": 37.725872
            },
            {
                "PI": 3.14158947,
                "time": 36.745205
            },
            {
                "PI": 3.14158947,
                "time": 37.665693
            },
            {
                "PI": 3.14158947,
                "time": 36.770309
            },
            {
                "PI": 3.14158947,
                "time": 37.569698
            }
        ]
    },
    "('0', '2600000000')": {
        "mean_time": 40.526241799999994,
        "times": [
            {
                "PI": 3.1415889184615384,
                "time": 40.860671
            },
            {
                "PI": 3.1415889184615384,
                "time": 40.874424
            },
            {
                "PI": 3.1415889184615384,
                "time": 40.871871
            },
            {
                "PI": 3.1415889184615384,
                "time": 40.856778
            },
            {
                "PI": 3.1415889184615384,
                "time": 40.063798
            },
            {
                "PI": 3.1415889184615384,
                "time": 40.789224
            },
            {
                "PI": 3.1415889184615384,
                "time": 39.831771
            },
            {
                "PI": 3.1415889184615384,
                "time": 40.759202
            },
            {
                "PI": 3.1415889184615384,
                "time": 39.854477
            },
            {
                "PI": 3.1415889184615384,
                "time": 40.500202
            }
        ]
    },
    "('0', '2800000000')": {
        "mean_time": 43.5806875,
        "times": [
            {
                "PI": 3.1415889042857144,
                "time": 44.014491
            },
            {
                "PI": 3.1415889042857144,
                "time": 44.01877
            },
            {
                "PI": 3.1415889042857144,
                "time": 43.937809
            },
            {
                "PI": 3.1415889042857144,
                "time": 44.009306
            },
            {
                "PI": 3.1415889042857144,
                "time": 43.038662
            },
            {
                "PI": 3.1415889042857144,
                "time": 43.725248
            },
            {
                "PI": 3.1415889042857144,
                "time": 42.880424
            },
            {
                "PI": 3.1415889042857144,
                "time": 43.666002
            },
            {
                "PI": 3.1415889042857144,
                "time": 42.889572
            },
            {
                "PI": 3.1415889042857144,
                "time": 43.626591
            }
        ]
    },
    "('0', '3000000000')": {
        "mean_time": 46.57493,
        "times": [
            {
                "PI": 3.1415889053333332,
                "time": 47.06689
            },
            {
                "PI": 3.1415889053333332,
                "time": 47.06217
            },
            {
                "PI": 3.1415889053333332,
                "time": 47.144055
            },
            {
                "PI": 3.1415889053333332,
                "time": 46.33185
            },
            {
                "PI": 3.1415889053333332,
                "time": 47.045056
            },
            {
                "PI": 3.1415889053333332,
                "time": 45.930698
            },
            {
                "PI": 3.1415889053333332,
                "time": 46.689594
            },
            {
                "PI": 3.1415889053333332,
                "time": 45.945368
            },
            {
                "PI": 3.1415889053333332,
                "time": 46.585397
            },
            {
                "PI": 3.1415889053333332,
                "time": 45.948222
            }
        ]
    },
    "('0', '3200000000')": {
        "mean_time": 49.5979818,
        "times": [
            {
                "PI": 3.141588375,
                "time": 50.289419
            },
            {
                "PI": 3.141588375,
                "time": 50.306606
            },
            {
                "PI": 3.141588375,
                "time": 50.199496
            },
            {
                "PI": 3.141588375,
                "time": 49.150503
            },
            {
                "PI": 3.141588375,
                "time": 49.961001
            },
            {
                "PI": 3.141588375,
                "time": 48.917464
            },
            {
                "PI": 3.141588375,
                "time": 49.703269
            },
            {
                "PI": 3.141588375,
                "time": 48.910794
            },
            {
                "PI": 3.141588375,
                "time": 49.538986
            },
            {
                "PI": 3.141588375,
                "time": 49.00228
            }
        ]
    },
    "('0', '3400000000')": {
        "mean_time": 52.6883467,
        "times": [
            {
                "PI": 3.141588017647059,
                "time": 53.416237
            },
            {
                "PI": 3.141588017647059,
                "time": 53.424118
            },
            {
                "PI": 3.141588017647059,
                "time": 52.642561
            },
            {
                "PI": 3.141588017647059,
                "time": 53.075957
            },
            {
                "PI": 3.141588017647059,
                "time": 52.083776
            },
            {
                "PI": 3.141588017647059,
                "time": 52.833629
            },
            {
                "PI": 3.141588017647059,
                "time": 52.061275
            },
            {
                "PI": 3.141588017647059,
                "time": 52.616104
            },
            {
                "PI": 3.141588017647059,
                "time": 52.079626
            },
            {
                "PI": 3.141588017647059,
                "time": 52.650184
            }
        ]
    },
    "('0', '3600000000')": {
        "mean_time": 55.667474600000006,
        "times": [
            {
                "PI": 3.1415876488888888,
                "time": 56.501219
            },
            {
                "PI": 3.1415876488888888,
                "time": 56.55496
            },
            {
                "PI": 3.1415876488888888,
                "time": 55.452962
            },
            {
                "PI": 3.1415876488888888,
                "time": 56.008452
            },
            {
                "PI": 3.1415876488888888,
                "time": 55.123575
            },
            {
                "PI": 3.1415876488888888,
                "time": 55.78667
            },
            {
                "PI": 3.1415876488888888,
                "time": 55.02842
            },
            {
                "PI": 3.1415876488888888,
                "time": 55.589041
            },
            {
                "PI": 3.1415876488888888,
                "time": 55.033069
            },
            {
                "PI": 3.1415876488888888,
                "time": 55.596378
            }
        ]
    },
    "('0', '3800000000')": {
        "mean_time": 58.8146888,
        "times": [
            {
                "PI": 3.1415871094736842,
                "time": 59.645417
            },
            {
                "PI": 3.1415871094736842,
                "time": 59.743801
            },
            {
                "PI": 3.1415871094736842,
                "time": 58.39482
            },
            {
                "PI": 3.1415871094736842,
                "time": 59.110738
            },
            {
                "PI": 3.1415871094736842,
                "time": 58.091154
            },
            {
                "PI": 3.1415871094736842,
                "time": 58.948594
            },
            {
                "PI": 3.1415871094736842,
                "time": 58.193054
            },
            {
                "PI": 3.1415871094736842,
                "time": 59.264774
            },
            {
                "PI": 3.1415871094736842,
                "time": 58.083917
            },
            {
                "PI": 3.1415871094736842,
                "time": 58.670619
            }
        ]
    },
    "('0', '4000000000')": {
        "mean_time": 61.93704360000002,
        "times": [
            {
                "PI": 3.141586555,
                "time": 62.875582
            },
            {
                "PI": 3.141586555,
                "time": 62.861684
            },
            {
                "PI": 3.141586555,
                "time": 61.336216
            },
            {
                "PI": 3.141586555,
                "time": 62.296377
            },
            {
                "PI": 3.141586555,
                "time": 61.154759
            },
            {
                "PI": 3.141586555,
                "time": 61.63566
            },
            {
                "PI": 3.141586555,
                "time": 61.270161
            },
            {
                "PI": 3.141586555,
                "time": 62.393524
            },
            {
                "PI": 3.141586555,
                "time": 61.250907
            },
            {
                "PI": 3.141586555,
                "time": 62.295566
            }
        ]
    },
    "('0', '4200000000')": {
        "mean_time": 65.01720689999999,
        "times": [
            {
                "PI": 3.141586616190476,
                "time": 66.000408
            },
            {
                "PI": 3.141586616190476,
                "time": 65.502257
            },
            {
                "PI": 3.141586616190476,
                "time": 65.772092
            },
            {
                "PI": 3.141586616190476,
                "time": 64.315048
            },
            {
                "PI": 3.141586616190476,
                "time": 65.724317
            },
            {
                "PI": 3.141586616190476,
                "time": 64.334295
            },
            {
                "PI": 3.141586616190476,
                "time": 65.477593
            },
            {
                "PI": 3.141586616190476,
                "time": 64.302338
            },
            {
                "PI": 3.141586616190476,
                "time": 64.437957
            },
            {
                "PI": 3.141586616190476,
                "time": 64.305764
            }
        ]
    },
    "('0', '4400000000')": {
        "mean_time": 67.82096920000001,
        "times": [
            {
                "PI": 3.1415865363636364,
                "time": 68.791202
            },
            {
                "PI": 3.1415865363636364,
                "time": 69.055674
            },
            {
                "PI": 3.1415865363636364,
                "time": 67.392285
            },
            {
                "PI": 3.1415865363636364,
                "time": 67.910484
            },
            {
                "PI": 3.1415865363636364,
                "time": 67.364746
            },
            {
                "PI": 3.1415865363636364,
                "time": 67.756808
            },
            {
                "PI": 3.1415865363636364,
                "time": 67.385014
            },
            {
                "PI": 3.1415865363636364,
                "time": 67.888126
            },
            {
                "PI": 3.1415865363636364,
                "time": 67.386195
            },
            {
                "PI": 3.1415865363636364,
                "time": 67.279158
            }
        ]
    }
}